article_id,author,content,date,division,highlight,is_new,last_date,lead,media_desc,media_src,media_type,title,url
24793013,Piotr Andrusieczko,"Wyznaczenie terminu zaprzysiężenia prezydenta na 20 maja poparło 315 deputowanych, chociaż proponowano również inne daty. Sam Zełenski podczas spotkania z przedstawicielami frakcji parlamentarnych na początku maja forsował o dzień wcześniejszy termin. Jednak niektórzy z deputowanych uznali to za ultimatum ze strony prezydenta i próbę nacisku na parlament.Zdaniem sztabu nowego prezydenta zorganizowanie uroczystości zaprzysiężenia w poniedziałek – zamiast w niedzielę, jak proponowali – może spowodować utrudnienia dla mieszkańców stolicy związane z ograniczeniem ruchu w centrum. Ich zdaniem poniedziałek będzie też mniej wygodny dla delegacji międzynarodowych niż dzień wolny od pracy.Niemniej jednak nie sprawdziły się czarne prognozy tych, którzy uważali, że parlament może wyznaczyć zaprzysiężenie Zełenskiego dopiero na 28 maja. W takim wypadku nowemu prezydentowi odebrano by możliwość rozwiązania parlamentu i wyznaczenia przedterminowych wyborów. Wybory do Rady Najwyższej zgodnie z terminem mają się odbyć jesienią, a rozwiązać parlament można nie później niż pół roku przed datą wyborów. Ostatni termin to 27 maja.",2019-05-16 16:51:00.000000,Świat,"W czwartek Rada Najwyższa Ukrainy wyznaczyła inaugurację prezydenta Wołodymyra Zełenskiego na 20 maja. Nowy prezydent będzie miał czas do 27 maja na rozwiązanie parlamentu. Nie wiadomo jednak, czy podejmie taką decyzję.",False,2019-05-22 19:05:55.974075,"W czwartek Rada Najwyższa Ukrainy wyznaczyła inaugurację prezydenta Wołodymyra Zełenskiego na 20 maja. Nowy prezydent będzie miał czas do 27 maja na rozwiązanie parlamentu. Nie wiadomo jednak, czy podejmie taką decyzję.",Ukraiński prezydent elekt Wołodymyr Zełenski,"https://bi.im-g.pl/im/95/a4/17/z24792725V,Ukrainski-prezydent-elekt-Wolodymyr-Zelenski.jpg",image,Data inauguracji Wołodymyra Zełenskiego w końcu ogłoszona. Nowy prezydent rozpocznie urzędowanie 20 maja,"http://wyborcza.pl/7,75399,24793013,data-inauguracji-wolodymyra-zelenskiego-w-koncu-ogloszona-nowy.html"
24792595,Magdalena Mach,"O pierwszym ataku policjanci zostali poinformowani w ubiegłą środę po południu. Przechodząca przez park przy ul. Pułaskiego kobieta została bez powodu uderzona w twarz przez nieznanego jej mężczyznę. Kobieta odniosła obrażenia i karetką została przewieziona do szpitala. Tego samego dnia policjanci zostali poinformowani o podobnym zdarzeniu, do którego doszło w tym samym rejonie. Jego okoliczności były podobne, nieznany mężczyzna uderzył w głowę przypadkowo napotkaną kobietę.Ustaleniem i zatrzymaniem sprawcy zajęli się policjanci z komisariatu w Śródmieściu i funkcjonariusze wydziału kryminalnego. Po kilku dniach, w poniedziałek, ataki jednak się powtórzyły. Znowu w parku przy ul. Pułaskiego. Wtedy również bez powodu zostały zaatakowane dwie inne kobiety, z których jedną napastnik zranił nożem w ramię. Na szczęście po opatrzeniu medycznym okazało się, że jej obrażenia są powierzchowne.",2019-05-16 16:26:00.000000,podkarpacka policja,"Policjanci zatrzymali mężczyznę podejrzanego o atakowanie kobiet w centrum Rzeszowa. W ciągu pięciu dni w parku przy ul. Pułaskiego zaatakował cztery kobiety. Jedną z nich ranił nożem. Mężczyzna już usłyszał zarzuty uszkodzenia ciała, a prokurator wystąpił z wnioskiem do sądu o areszt tymczasowy. ",False,2019-05-22 19:05:55.974075,"Policjanci zatrzymali mężczyznę podejrzanego o atakowanie kobiet w centrum Rzeszowa. W ciągu pięciu dni w parku przy ul. Pułaskiego zaatakował cztery kobiety. Jedną z nich ranił nożem. Mężczyzna już usłyszał zarzuty uszkodzenia ciała, a prokurator...","Zatrzymanie mężczyzny, podejrzanego o ataki na kobiety w centrum Rzeszowa","https://bi.im-g.pl/im/30/a4/17/z24792624V,Zatrzymanie-mezczyzny--podejrzanego-o-ataki-na-kob.jpg",image,"Atakował kobiety w parku w centrum Rzeszowa. Bił po głowie, ranił nożem","http://rzeszow.wyborcza.pl/rzeszow/7,34962,24792595,atakowal-kobiety-w-parku-w-centrum-rzeszowa-bil-po-glowie.html"
24791353,Jarosław Bińczyk,"Gdy reprezentacja zdobywała dwa razy mistrzostwo świata, w składzie miała tylko dwóch zawodników występujących za granicą: Michała Kubiaka (najpierw Halkbank Ankara, później japońskie Panasonic Panthers) i Fabiana Drzyzgę (Olympiakos). Żadnego ze złotych medalistów nie było we Włoszech, które znów skupiają większość największych siatkarskich gwiazd.Dekadę temu Serie A przeżywała kryzys organizacyjny, przez co przestała być konkurencyjna – wyjątek stanowiło Trentino – dla innych czołowych lig, także polskiej. Naszym gwiazdom gra we Włoszech przestała się opłacać albo – jak w przypadku Mariusza Wlazłego – nie chciały się ruszać z Polski. W odwrotną stronę ciągnęli trenerzy, nierzadko uznani – jak Andrea Anastasi, Lorenzo Bernardi czy Ferdinando De Giorgi. U nas pierwsze sukcesy odniósł Andrea Gardini, pod którego wodzą Zaksa Kędzierzyn-Koźle awansowała do finałów Ligi Mistrzów, a w tym sezonie sięgnęła po mistrzostwo i Puchar Polski. Rok wcześniej Roberto Piazza doprowadził do złota PGE Skrę Bełchatów, a Emanuele Zanini tworzył podstawy rewelacyjnej ostatnio Warty Zawiercie.",2019-05-16 16:35:00.000000,siatkówka,"Z siatkarskiej PlusLigi znikają znani włoscy trenerzy. Wracają do ojczyzny, gdzie do klubów wracają wielkie pieniądze, i ciągną za sobą czołowych polskich zawodników. - To dobrze, bo tam są większe możliwości rozwoju - uważa Ryszard Bosek.",False,2019-05-22 19:05:55.974075,"Z siatkarskiej PlusLigi znikają znani włoscy trenerzy. Wracają do ojczyzny, gdzie do klubów wracają wielkie pieniądze, i ciągną za sobą czołowych polskich zawodników. - To dobrze, bo tam są większe możliwości rozwoju - uważa Ryszard Bosek.",,https://bi.im-g.pl/im/47/a4/17/z24791111V.jpg,image,Schyłek ery w siatkówce? Polska jako etap przejściowy,"http://wyborcza.pl/7,154903,24791353,schylek-ery-w-siatkowce-polska-jako-etap-przejsciowy.html"
24792543,Maciej Stasiński,"Na rozmowy mediacyjne do Oslo zaprosił Wenezuelczyków rząd Norwegii. Jego delegaci spotkali się osobno z ministrem informacji Jorge Rodriguezem i gubernatorem Hectorem Rodriguezem oraz opozycyjnym posłem Stalinem Gonzálezem i dwoma doradcami opozycyjnego przywódcy Juana Guaidó (23 stycznia ogłosił się on tymczasowym prezydentem).O czym rozmawiają i jakie są perspektywy rokowań? Tego nie wie nikt. Wiadomo tylko, że to kolejna próba namówienia obu stron – od trzech miesięcy zwartych w politycznym klinczu – do polubownego rozwiązania kryzysu politycznego.Równolegle do pokojowego rozwiązania próbuje namówić reżim i opozycję kilkanaście krajów Ameryki Łacińskiej oraz europejska grupa kontaktowa – ale na razie bez powodzenia.Wszelkie poprzednie próby rozmów na temat przywrócenia w Wenezueli demokracji i rządów prawa, od kilku lat deptanych przez despotyczny reżim Nicolása Maduro, załamały się wskutek jego uporu. Prezydent pertraktował wyłącznie dla pozoru i zyskania na czasie, nie zaprzestając prześladowań opozycji. Nie zgadzał się na uwolnienie więźniów politycznych ani na przyspieszone wybory prezydenckie.",2019-05-16 15:47:00.000000,Świat,"To kolejna próba namówienia obu stron - od trzech miesięcy zwartych w politycznym klinczu - do polubownego rozwiązania kryzysu politycznego. W każdej chwili sytuacja w Wenezueli może się zaognić, a przemoc wybuchnąć na nowo, doprowadzając do jeszcze większego rozlewu krwi.",False,2019-05-22 19:05:55.974075,"To kolejna próba namówienia obu stron - od trzech miesięcy zwartych w politycznym klinczu - do polubownego rozwiązania kryzysu politycznego. W każdej chwili sytuacja w Wenezueli może się zaognić, a przemoc wybuchnąć na nowo, doprowadzając do jeszcze...","Przywódca wenezuelskiej opozycji, tymczasowy prezydent Juan Guaidó w otoczeniu tłumu zwolenników. Caracas, 11 maja 2019 r.","https://bi.im-g.pl/im/41/a4/17/z24792129V,Przywodca-wenezuelskiej-opozycji--tymczasowy-prezy.jpg",image,W Norwegii poufne rokowania z reżimem Nicolása Maduro i opozycją Juana Guaidó. Czy uda się przerwać impas dwuwładzy w Wenezueli?,"http://wyborcza.pl/7,75399,24792543,w-norwegii-poufne-rokowania-z-rezimem-nicolasa-maduro-i-opozycja.html"
24793246,key,"Na bydgoskiego biskupa Jana Tyrawę spadły gromy po emisji filmu dokumentalnego Tomasza Sekielskiego „Tylko nie mów nikomu”. Ordynariusz naszej diecezji odmówił komentarza przed kamerą, co zostało uwidocznione w napisach końcowych. A powinien wytłumaczyć, jak w Bydgoszczy znalazł się przeniesiony z Wrocławia ksiądz pedofil Paweł Kania. Dopiero dzisiaj (16 maja) reprezentujący biskupa mec. Edmund Dobecki wydał oświadczenie zamieszczone na internetowej stronie kurii. Przekonuje w nim, że podczas pobytu w naszym mieście Kania nie miał postawionego żadnego zarzutu dotyczącego pedofilii.Wczoraj (15 maja) napisaliśmy, że biskup Tyrawa przeniósł z Łobżenicy do Sępólna Krajeńskiego ks. Marcina K., kiedy pojawiły się zarzuty seksualnego nękania ministrantów. Dopiero gdy powtórzyły się w kolejnej parafii, zakazał mu kapłańskiej posługi.Dzisiaj cień na ordynariuszu rzuca list wystosowany przez posła PO Pawła Olszewskiego, który jednocześnie, w związku z „udokumentowanym tuszowaniem i utrudnianiem pociągnięcia do odpowiedzialności za pedofilię Pawła Kani” zwrócił się do nuncjusza apostolskiego w Polsce z żądaniem odwołania bydgoskiego biskupa. Olszewski zadał też ordynariuszowi sześć pytań w sprawie innego kapłana. Cytujemy je w całości:",2019-05-16 15:34:00.000000,Wiadomości z Bydgoszczy,"Coraz więcej trudnych pytań do bydgoskiego biskupa Jana Tyrawy. Poseł PO Paweł Olszewski napisał do niego list w sprawie kolejnego księdza, który miał być uwikłany w pedofilię. Żąda też odwołania hierarchy.",False,2019-05-22 19:05:55.974075,"Coraz więcej trudnych pytań do bydgoskiego biskupa Jana Tyrawy. Poseł PO Paweł Olszewski napisał do niego list w sprawie kolejnego księdza, który miał być uwikłany w pedofilię. Żąda też odwołania hierarchy.",Biskup Jan Tyrawa,"https://bi.im-g.pl/im/78/1a/17/z24226168V,Biskup-Jan-Tyrawa.jpg",image,Bydgoski poseł pyta biskupa Tyrawę o jeszcze jednego księdza,"http://bydgoszcz.wyborcza.pl/bydgoszcz/7,48722,24793246,bydgoski-posel-pyta-biskupa-tyrawe-o-jeszcze-jednego-ksiedza.html"
24811308,Marek Deryło,"Słynny aktor wspominał mistrzostwa Europy w boksie w 1953 r. podczas których zawodnicy Stamma zdobyli pięć złotych medali i pięć razy odsłuchali Mazurka Dąbrowskiego.- Był to wyczyn bez precedensu. Nie tylko sportowy, bo przecież pięściarze dziadka nokautowali i Niemców, i reprezentantów Związku Radzieckiego. Jestem przeszczęśliwa, że w rocznicę tamtych triumfów odsłaniamy pomnik - opowiadała Paula Stamm. Zebrany w parku Mirowskim tłum skandował: Brawo, Stamm!”, tak jak warszawscy kibice, którzy 66 lat temu na rękach wynieśli trenera z hali Gwardii.Waldemar Dąbrowski, były minister kultury, który przemawiał w imieniu fundatora pomnika, Zbigniewa Jakubasa, dodał: - Wtedy nad spopieloną Warszawą zaświeciło słońce. Pokazaliśmy, że przetrwaliśmy, trwamy i zwyciężamy.",2019-05-21 20:00:00.000000,hala gwardii,"- To były Mazurki, które prostowały plecy - powiedział Daniel Olbrychski i razem z prawnuczką legendarnego trenera, Paulą, odsłonił pomnik Feliksa ""Papy"" Stamma (1901-1976).",True,2019-05-22 19:05:55.974075,"- To były Mazurki, które prostowały plecy - powiedział Daniel Olbrychski i razem z prawnuczką legendarnego trenera, Paulą, odsłonił pomnik Feliksa ""Papy"" Stamma (1901-1976).",Paula Stamm i Daniel Olbrychski odsłaniają pomnik Feliksa 'Papy' Stamma,"https://bi.im-g.pl/im/26/a9/17/z24811302V,Paula-Stamm-i-Daniel-Olbrychski-odslaniaja-pomnik-.jpg",image,Złoty Papa z brązu. Przed halą Gwardii odsłonięto pomnik Feliksa Stamma,"http://warszawa.wyborcza.pl/warszawa/7,54420,24811308,zloty-papa-z-brazu-przed-hala-gwardii-odslonieto-pomnik-feliksa.html"
24811388,Rafał Wójcik  Łukasz Woźnicki,"W ocenie Zarządu Głównego SDP nowelizacja kodeksu karnego ""oznacza zaostrzenie zakresu obowiązywania art. 212"".  Dalej czytamy, że ""szczególnie bulwersujące jest przy tym objęcie tego przestępstwa ściganiem z urzędu w sytuacji, gdy samo pomówienie ściga się na podstawie prywatnej skargi"".Zdaniem SDP ""proponowana regulacja prawna jest więc utrwaleniem patologii polskiego wymiaru sprawiedliwości poprzez utrzymywanie w nim represji karnych w sprawach dotyczących wolności słowa i wyrażania opinii, co dla dziennikarzy jest szczególnie dotkliwe"". W związku z tym SDP ""stanowczo protestuje przeciwko zaostrzeniu art. 212"", a proponowana regulacja ""budzi zdecydowany sprzeciw"".Na koniec SDP apeluje do prezydenta i Senatu o wycofanie zmian w art. 212 kk, a do parlamentu - o całkowitą likwidację tego zapisu prawnego.Pod pozorem walki z pedofilią Zbigniew Ziobro wprowadza nowy - karany więzieniem - typ zniesławienia. Prokuratura z urzędu będzie ścigać za tworzenie ""fałszywych dowodów"" służących pomówieniu.",2019-05-21 21:30:00.000000,SDP,"Sympatyzujące z obozem władzy Stowarzyszenie Dziennikarzy Polskich apeluje do prezydenta i Senatu o wycofanie zmian w art. 212 k.k, a do Parlamentu o całkowitą likwidację tego zapisu prawnego.",True,2019-05-22 19:05:55.974075,"Sympatyzujące z obozem władzy Stowarzyszenie Dziennikarzy Polskich apeluje do prezydenta i Senatu o wycofanie zmian w art. 212 kk, a do parlamentu - o całkowitą likwidację tego zapisu prawnego.",Prezes SDP Krzysztof Skowroński.,"https://bi.im-g.pl/im/8d/a9/17/z24811405V,Prezes-SDP-Krzysztof-Skowronski-.jpg",image,SDP stanowczo protestuje przeciwko zaostrzeniu art. 212 kodeksu karnego,"http://wyborcza.pl/7,75398,24811388,sdp-stanowczo-protestuje-przeciwko-zaostrzeniu-art-212-kodeksu.html"
24811404,amg,"Od dwóch dni IMGW i Polscy Łowcy Burz ostrzegają przed gwałtownymi burzami. Do niebezpiecznego zjawiska doszło we wtorek późnym popołudniem w Jarosławicach koło Wolanowa. Dwóch mężczyzn nagrało moment, gdy z chmury tworzy się lej i idzie wprost na nich. – Ta trąba się rozchodzi, może do nas nie dojdzie – słychać wcześniej głosy mężczyzn na nagraniu. - Parę dachów poleciało - ocenia jeden z nich.– Oto kolejne nagranie przedstawiające jedną z dzisiejszych trąb powietrznych z całej serii – tym razem wykonane w Jarosławicach w gminie Wolanów powiat radomski. Nagranie nadesłał do nas Marcin Kornata – napisali Polscy Łowcy Burz na Facebooku.– Oprócz wymienionych w poprzednich wpisach trąb powietrznych, otrzymaliśmy informacje o możliwym kontakcie z ziemią leja kondensacyjnego w rejonie Bilczy k. Kielc. Zalążek trąby powietrznej zaobserwano również w okolicach Łodzi – informują Polscy Łowcy Burz.",2019-05-21 21:08:00.000000,Wiadomości z Radomia,"- Ta trąba się rozchodzi, może do nas nie dojdzie - , słychać głosy mężczyzn na nagraniu zrobionym w poniedziałek po południu w Jarosławicach niedaleko Radomia, .. W Radomiu i regionie radomskim nadal obowiązuje pierwszy stopień ostrzeżenia. IMGW apeluje o zabezpieczenie swojego dobytku",True,2019-05-22 19:05:55.974075,"- Ta trąba się rozchodzi, może do nas nie dojdzie. Parę dachów poleciało - słychać głosy mężczyzn na nagraniu zrobionym w poniedziałek po południu w Jarosławicach niedaleko Radomia. W Radomiu i regionie radomskim nadal obowiązuje pierwszy stopień...","Tornado, które pojawiło się 16 maja 2017 roku w pobliżu miejscowości McLean w północnym Teksasie","http://bi.gazeta.pl/im/f7/22/15/z22160119V,Tornado--ktore-pojawilo-sie-16-maja-2017-roku-w-po.jpg",image,Trąba powietrzna w Jarosławicach koło Radomia. IMGW i Polscy Łowcy Burz nadal ostrzegają przed burzami,"http://radom.wyborcza.pl/radom/7,48201,24811404,traba-powietrzna-w-jaroslawicach-kolo-radomia-imgw-i-polscy.html"
24811407,Estera Flieger,"Podczas Nocy Muzeów Karol Nawrocki, dyrektor Muzeum II Wojny Światowej w Gdańsku, przerwał występ artystów wykonujących tango „Ciemna dziś noc” z tekstem w polskim przekładzie Juliana Tuwima. Tłumaczył, że to bolszewicki utwór. Rzecznik placówki Aleksander Masłowski wydał oświadczenie, w którym pisze o „wyreżyserowanej prowokacji o podtekście politycznym”. Według Masłowskiego utwór w „bałamutny sposób” ukazuje czerwonoarmistę.Rozmowa z Piotrem Kosewskim, dyrektorem artystycznym Festiwalu Twórczości Jeremiego Przybory i Jerzego WasowskiegoEstera Flieger: „Ciemna dziś noc” to bolszewickie tango?Piotr Kosewski: W żadnym wypadku. Przecież utwór był krytykowany w Związku Radzieckim.To o czym jest ta piosenka?– O rozłące, tragedii wojny. Nie myślałem, że można ją odczytać inaczej.Jest wiele innych piosenek o tym. Dlaczego wybrał pan akurat tę?– Bo znam ją z wykonania Wiery Gran. To jedna z piękniejszych piosenek o wojnie. Uczuciowa, sentymentalna. I ma piękną melodię.",2019-05-21 21:09:00.000000,Kraj,"- Występ zaczął się od ""Ciemna dziś noc"". Grała już muzyka, koleżanka lada moment miała zacząć śpiewać, ale wtedy pomiędzy muzyków wszedł Karol Nawrocki... - opowiada Piotr Kosewski, jeden z wykonawców koncertu przerwanego przez dyrektora Muzeum II Wojny Swiatowej",True,2019-05-22 19:05:55.974075,"- Występ zaczął się od utworu ""Ciemna dziś noc"". Grała już muzyka, koleżanka lada moment miała zacząć śpiewać, ale wtedy pomiędzy muzyków wszedł Karol Nawrocki... - opowiada Piotr Kosewski, jeden z wykonawców koncertu przerwanego przez dyrektora...","Obecny dyrektor Muzeum II Wojny Swiatowej Karol Nawrocki podczas uroczystości poświecenia muzeum. Gdańsk, 8 maja 2017","http://bi.gazeta.pl/im/16/e3/16/z24000790V,Obecny-dyrektor-Muzeum-II-Wojny-Swiatowej-Karol-Na.jpg",image,"Po skandalu w czasie Nocy Muzeów. Nawrocki wszedł i krzyczał, że bolszewicy mordowali nasze rodziny","http://wyborcza.pl/7,75398,24811407,po-skandalu-w-noc-muzeow-nawrocki-wszedl-i-krzyczal-ze-bolszewicy.html"
24811353,Ewa Ivanova,"Beata Mik jest emerytowaną prokuratorką dawnej Prokuratury Generalnej. Od lat publikowała w prasie – m.in. w „Rzeczpospolitej” – felietony i artykuły prawnicze. W marcu 2018 r. rzecznik dyscyplinarny prokuratora generalnego obwinił ją o to, że nie poinformowała przełożonych o dalszej współpracy z gazetą, „osłabiając zaufanie do niezależności prokuratury i prokuratorów”. Zdaniem rzecznika naruszyła art. 103 par. 4 prawa o prokuraturze. Mówi on, że „o zamiarze podjęcia dodatkowego zatrudnienia, a także o podjęciu innego zajęcia lub sposobu zarobkowania” prokuratorzy zawiadamiają swoich przełożonych. Przełożeni mają prawo zgłosić sprzeciw, gdy zajęcie stawia pod znakiem zapytania niezależność prokuratora.Jednak Beata Mik miała zgody przełożonych na pisanie tekstów. Pierwszej udzielił już w 2000 r. ówczesny prokurator generalny Lech Kaczyński. Ale według rzecznika dyscyplinarnego raz dana zgoda nie jest wieczna. Powinna zgłosić swoją działalność prokuratorowi krajowemu.",2019-05-21 20:42:00.000000,Kraj,"Prokurator Beata Mik, ścigana przez rzecznika dyscyplinarnego za publikacje krytycznych wobec władzy artykułów bez zgody przełożonych, niespodziewanie została uniewinniona przez Izbę Dyscyplinarną SN. - To rozstrzygnięcie nie było specjalnie trudne - stwierdził sędzia.",True,2019-05-22 19:05:55.974075,"Prokurator Beata Mik, ścigana przez rzecznika dyscyplinarnego za publikacje krytycznych wobec władzy artykułów bez zgody przełożonych, niespodziewanie została uniewinniona przez Izbę Dyscyplinarną SN. - To rozstrzygnięcie nie było specjalnie trudne...",Sąd Najwyższy w Warszawie,"http://bi.gazeta.pl/im/b8/10/15/z22087352V,Sad-Najwyzszy-w-Warszawie.jpg",image,Nie będzie kary za pisanie felietonów. Izba Dyscyplinarna uniewinniła prokuratorkę,"http://wyborcza.pl/7,75398,24811353,nie-bedzie-kary-za-pisanie-felietonow-izba-dyscyplinarna-uniewinnila.html"
24811389,Łukasz Woźnicki,"– W postępowaniu nominacyjnym doszło do rażącego naruszenia prawa i nie wiadomo, czy sąd, w którym zasiada tak powołany sędzia, jest sądem niezawisłym i bezstronnym w rozumieniu prawa unijnego – uznał we wtorek siedmioosobowy skład sędziów Izby Cywilnej. O rozstrzygnięcie wątpliwości sędziowie wystąpili do Trybunału Sprawiedliwości UE.Od odpowiedzi na pytanie prejudycjalne może zależeć przyszłość nowych osób powołanych do SN dzięki prezydenckiej „reformie” sądownictwa. Wśród byli prokuratorzy – zaufani ministra sprawiedliwości Zbigniewa Ziobry i prawnicy powiązani z PiS. Wtorkowa decyzja sądu dotyczy byłego wiceministra rządu PiS, który dziś orzeka w SN, prof. UW Aleksandra Stępkowskiego. To założyciel i były prezes Instytutu na rzecz Kultury Prawnej „Ordo Iuris”, który po wygranych przez PiS wyborach został wiceszefem MSZ. W lutym prezydent powołał go do SN.",2019-05-21 20:37:00.000000,Kraj,"Sąd Najwyższy uznał we wtorek, że nowe osoby powołano do SN z naruszeniem prawa i zadał kolejne pytanie unijnemu Trybunałowi Sprawiedliwości. Sprawa dotyczy 37 osób powołanych przez prezydenta z udziałem upolitycznionej KRS.",True,2019-05-22 19:05:55.974075,"Sąd Najwyższy uznał we wtorek, że nowe osoby powołano do SN z naruszeniem prawa i zadał kolejne pytanie unijnemu Trybunałowi Sprawiedliwości. Sprawa dotyczy 37 osób powołanych przez prezydenta z udziałem upolitycznionej KRS.","30.11.2017 Warszawa, Sejm. Rzecznik KRS Waldemar Żurek podczas obrad Komisji Sprawiedliwości i Praw Człowieka nad ustawą o Sadzie Najwyższym.","http://bi.gazeta.pl/im/48/ab/15/z22720840V,30-11-2017-Warszawa--Sejm--Rzecznik-KRS-Waldemar-Z.jpg",image,TSUE zajmie się nowymi sędziami Sądu Najwyższego,"http://wyborcza.pl/7,75398,24811389,tsue-zajmie-sie-nowymi-sedziami-sadu-najwyzszego.html"
24811287,Maciej Chołodowski,"Zgodnie z zamierzeniami droga S16 na odcinku Ełk – Knyszyn w każdym z planowanych wariantów ma przeciąć Biebrzański Park Narodowy. Drogowcy i urzędnicy twierdzą, że nie da się go ominąć.W ramach przygotowań do budowy drogi ekspresowej S16 na odcinku Knyszyn – Ełk prace na dobre trwają od blisko pięciu miesięcy. 14 stycznia w białostockim oddziale Generalnej Dyrekcji Dróg Krajowych i Autostrad została podpisana umowa na przygotowanie odpowiedniej dokumentacji projektowej.– Przygotowane materiały pozwolą za 2,5 roku wystąpić z wnioskiem o decyzję środowiskową – informował wówczas Rafał Malinowski, główny specjalista ds. komunikacji społecznej białostockiego oddziału GDDKiA.Jak zapowiadał, realizacja tego zadania w systemie „Projektuj i buduj” przewidziana jest na lata 2024 (podpisanie umowy) - 2027 (zakończenie robót). Odcinek Ełk – Knyszyn ma liczyć około 70 km.",2019-05-21 19:49:00.000000,protest,"Poprowadzenie fragmentu drogi ekspresowej przez bezcenny przyrodniczo Biebrzański Park Narodowy (Dolinę Biebrzy) planuje Generalna Dyrekcja Dróg Krajowych i Autostrad. Wywołuje to oburzenie ekologów i okolicznych mieszkańców. Porównują sytuację do tej, która zakończyła się protestami w dolinie Rospudy.",True,2019-05-22 19:05:55.974075,Poprowadzenie fragmentu drogi ekspresowej przez bezcenny przyrodniczo Biebrzański Park Narodowy (Dolinę Biebrzy) planuje Generalna Dyrekcja Dróg Krajowych i Autostrad. Wywołuje to oburzenie ekologów i okolicznych mieszkańców. Porównują sytuację do...,Biebrza,"https://bi.im-g.pl/im/05/05/11/z17846533V,Biebrza.jpg",image,Nie dla ekspresówki przez Biebrzański Park Narodowy. Szykuje się powtórka z Rospudy?,"http://bialystok.wyborcza.pl/bialystok/7,35241,24811287,nie-dla-ekspresowki-przez-biebrzanski-park-narodowy-szykuje.html"
24811257,Piotr Moszyński  Paryż,"Już trzykrotnie szpitalny personel rozpoczynał realizację protokołu „towarzyszenia w zakończeniu życia”. I trzykrotnie musiał ją przerwać z powodu interwencji sądowych – za sprawą interwencji rodziców Vincenta Lamberta.Najnowszy, czwarty epizod miał miejsce w poniedziałek 20 maja: rano uruchomiono wspomniany protokół, a wieczorem szpital dostał sądowy nakaz natychmiastowego przywrócenia podtrzymywania funkcji życiowych pacjenta.Zgodnie z francuskimi przepisami nie chodzi tu o eutanazję, która jest rozumiana jako aktywna pomoc w położeniu kresu życiu pacjenta, np. poprzez podanie mu odpowiednich środków. Przypadek Lamberta podpada raczej pod tzw. ustawę Leonettiego, znaną także jako „ustawa o końcu życia” i dotyczy tego, jak można się zachować, gdy w sensie medycznym staje się jasne, że ów koniec jest nieuchronny, bo stanu pacjenta nie da się w żaden sposób poprawić. Wówczas ustawa dopuszcza wdrożenie protokołu stopniowego odstawienia środków podtrzymujących życie, którego sam pacjent – bez zewnętrznej sztucznej pomocy – nie byłby w stanie ochronić i uratować.",2019-05-21 19:38:00.000000,Świat,"Lambert od 11 lat przebywa w szpitalu w Reims w stanie wegetatywnym. Część rodziny jest za przerwaniem sztucznego odżywiania i pojenia, część się temu sprzeciwia. Sądowa batalia trwa od sześciu lat - na razie bez rozstrzygnięcia.",True,2019-05-22 19:05:55.974075,"Lambert od 11 lat przebywa w szpitalu w Reims w stanie wegetatywnym. Część rodziny jest za przerwaniem sztucznego odżywiania i pojenia, część się temu sprzeciwia. Sądowa batalia trwa od sześciu lat - na razie bez rozstrzygnięcia.",Vincent Lambert w 2008 r. uległ wypadkowi motocyklowemu i od tego czasu przebywa w szpitalu w Reims. Zdjęcie z 8 grudnia 2014 r.,"https://bi.im-g.pl/im/4c/a9/17/z24811084V,Vincent-Lambert-w-2008-r--ulegl-wypadkowi-motocykl.jpg",image,Pozwolić żyć czy pozwolić umrzeć? Przypadek Vincenta Lamberta rozpala we Francji wielkie emocje,"http://wyborcza.pl/7,75399,24811257,pozwolic-zyc-czy-pozwolic-umrzec-przypadek-vincenta-lamberta.html"
24811200,Paweł Wojciechowski,"We wtorek decyzją Prokuratury Rejonowej w Gdańsku Oliwie Łukaszowi S., dziennikarzowi TVP, ogłoszono zarzuty za znęcanie się psychiczne i fizyczne nad 28-letnią kobietą. Zdaniem śledczych Łukasz S. przez rok miał dopuszczać się przemocy fizycznej i słownej wobec swojej partnerki. 11 listopada ub.r. kobieta złożyła zawiadomienie na policję, a po pół roku dochodzenia S. ogłoszono zarzuty.Po wtorkowej publikacji „Wyborczej” centrum prasowe TVP odpowiedziało na przesłane pytania.„W związku z toczącym się postępowaniem prokuratorskim, pan Łukasz S. (w komunikacie podano pełne nazwisko – przyp. red.) zostaje zawieszony w pełnieniu obowiązków służbowych do czasu wyjaśnienia sprawy – czytamy w odpowiedzi.Łukasz S. dostał zarzut z art. 207 par. 1 Kodeksu karnego, który mówi o fizycznym i psychicznym znęcaniu się „nad osobą najbliższą lub nad inną osobą pozostającą w stałym lub przemijającym stosunku zależności od sprawcy”. Zarzut postawiono, jak mówią prokuratorzy, „w zbiegu” z art. 157 par. 2, który odnosi się z kolei do uszkodzenia ciała na czas poniżej siedmiu dni.",2019-05-21 18:56:00.000000,Wiadomości Trójmiasto,"Dziennikarz TVP z Gdańska, Łukasz S., został zawieszony przez kierownictwo telewizji w związku z zarzutami dotyczącymi znęcania się nad swoją partnerką.",True,2019-05-22 19:05:55.974075,"Dziennikarz TVP z Gdańska, Łukasz S., został zawieszony przez kierownictwo telewizji w związku z zarzutami dotyczącymi znęcania się nad swoją partnerką.","Łukasz S. podczas realizacji materiału nagrywany przez Jacka Karnowskiego, prezydenta Sopotu.","https://bi.im-g.pl/im/57/a9/17/z24809559V,Lukasz-S--podczas-realizacji-materialu-nagrywany-p.jpg",image,Dziennikarz TVP Łukasz S. zawieszony po publikacji Wyborczej,"http://trojmiasto.wyborcza.pl/trojmiasto/7,35612,24811200,dziennikarz-tvp-lukasz-s-zawieszony-po-publikacji-wyborczej.html"
24811014,Agnieszka Kublik,"Im bliżej wyborów, tym gorzej dla faktów. Tych w „Wiadomościach” TVP. Nie ma tu praktycznie informacji, jest tylko punkt widzenia na informacje. Ba, czasem i nie ma podstawowych informacji, jeśli są jaskrawo sprzeczne z tym punktem widzenia. Punkt widzenia wyznacza prezes PiS-u Jarosław Kaczyński, a ukazuje go prezes TVP Jacek Kurski.Parę przykładów z ostatnich dni.W czwartek 16 maja prymas Polski arcybiskup Wojciech Polak udziela wywiadu konkurencji, stacji TVN24. – Musimy zmagać się i walczyć o to, żeby oczyścić Kościół z grzechu i przestępstwa – mówi tam. To jego odpowiedź na dokument braci Sekielskich „Tylko nie mów nikomu” o ukrywaniu przez Kościół pedofilów.Dla wielu, w tym dla obozu władzy, ten film to kolejny atak na Kościół. Ale prymas w wywiadzie oświadcza wprost, że „nie widzi ręki, która jest podniesiona na Kościół”. – Jeżeli Kościół przeżywa dzisiaj różne trudności, wyzwania, nawet kryzysowe, to one mają służyć oczyszczeniu – konstatuje.",2019-05-21 19:23:00.000000,Agnieszka Kublik,"Łajdackie podejście do faktów, szubrawe do prawdy, nikczemne do etyki. Po prostu brak słów. Cokolwiek by napisać, nie sposób oddać tego, co dzisiaj wyprawiają pisowscy propagandyści w TVP",True,2019-05-22 19:05:55.974075,"Łajdackie podejście do faktów, szubrawe do prawdy, nikczemne do etyki. Po prostu brak słów. Cokolwiek by napisać, nie sposób oddać tego, co dzisiaj wyprawiają pisowscy propagandyści w TVP","Prymas Polski abp Wojciech Polak podczas konferencji. Episkopat przedstawia raport dot. wykorzystywania seksualnego osob maloletnich w polskim kościele. Warszawa, 14 marca 2019","https://bi.im-g.pl/im/e6/a1/17/z24778470V,Prymas-Polski-abp-Wojciech-Polak-podczas-konferenc.jpg",image,Nie mam litości dla Wiadomości [POLITYKA TELEWIZYJNA],"http://wyborcza.pl/7,75398,24811014,nie-mam-litosci-dla-wiadomosci-polityka-telewizyjna.html"
24810936,OS,"Dzwon ma już imię: ""Józef z Nazaretu"". Będzie ważył blisko 700 kilogramów, zostanie odlany w końcu maja w Pracowni Ludwisarskiej Jana Felczyńskiego w Przemyślu.Dołączy do czterech wiszących już w świątyni dzwonów (Półzygmunt, Tenebrat, Misjonał i najstarszy, tzw. Campana antiqua) i gongów. Po raz pierwszy zadzwoni 1 stycznia 2020 roku, w czasie, gdy bazylika Mariacka będzie obchodziła jubileusz swojego 700-lecia.Jest już przygotowana i ozdobiona motywami graficznymi jego forma. Oprócz postaci św. Józefa znajdzie się na nim m.in. herb Krakowa, herb metropolity krakowskiego nawiązujący do trzech cnót: wiary, nadziei i miłości oraz herb fundatora pierwszej świątyni mariackiej – biskupa krakowskiego Iwo Odrowąża.Dzwon poświęcony zostanie w sierpniu tego roku. Od tego czasu będzie go można oglądać w przykościelnej kaplicy.",2019-05-21 18:22:00.000000,Bazylika Mariacka,W bazylice Mariackiej w Krakowie zawiśnie nowy dzwon. Świątynia dostanie go z okazji swojego 700-lecia.,True,2019-05-22 19:05:55.974075,W bazylice Mariackiej w Krakowie zawiśnie nowy dzwon. Świątynia dostanie go z okazji swojego 700-lecia.,Dzwon Józef z Nazaretu na 700-lecie Bazyliki Mariackiej w Krakowie,"https://bi.im-g.pl/im/86/a9/17/z24811142V,Dzwon-Jozef-z-Nazaretu-na-700-lecie-Bazyliki-Maria.jpg",image,Nowy dzwon Józef z Nazaretu dla bazyliki Mariackiej w Krakowie,"http://krakow.wyborcza.pl/krakow/7,44425,24810936,nowy-dzwon-w-bazylice-mariackiej-w-krakowie.html"
24811167,Kamil Siałkowski,"Konrad ma 35 lat, studiował mechatronikę, pracuje w spółce zajmującej się patentami. Furgonetkę marki Żuk zauważył przed szpitalem im. prof. Orłowskiego przy ul. Czerniakowskiej. – Byłem świadkiem sytuacji, jak na widok zbezczeszczonych ludzkich zwłok rozpłakało się ok. czteroletnie dziecko. Staram się tam nie wozić mojego rocznego syna. Takie treści nie powinny być wystawiane na widok publiczny – przekonuje.– Można manifestować swoje poglądy. Nic nie mam do tych napisów, ale pokazywanie ludzkich szczątków jest nie na miejscu, zwłaszcza w ruchliwych miejscach, przy szpitalach, przedszkolach czy szkołach. Nie może być tak, że jestem zmuszony do oglądania takich treści – mówi Konrad. Zawiadomienie w sprawie furgonetki złożył w lipcu.W tym samym czasie i miejscu furgonetkę widział też 32-letni Michał, prawnik z Warszawy. Również zawiadomił policję. – Zdjęcia miały charakter drastyczny. To były martwe płody ssaków, prawdopodobnie ludzi, był fragment główki. I wizerunek szpitala z podpisem: „Aborcyjna rzeźnia nr 1 w Polsce”. Dyskomfort, szok, niesmak – to czułem, gdy tam przejeżdżałem – opowiada.",2019-05-21 19:00:00.000000,sąd,"Śródmiejska policja uważa, że antyaborcyjna furgonetka, którą fundacja Pro - Prawo do Życia parkuje przed warszawskimi szpitalami i szkołami, łamie prawo. Mariusz D. z zarządu fundacji stanął przed sądem.",True,2019-05-22 19:05:55.974075,"Śródmiejska policja uważa, że antyaborcyjna furgonetka, którą fundacja Pro - Prawo do Życia parkuje przed warszawskimi szpitalami i szkołami, łamie prawo. Mariusz D. z zarządu fundacji stanął przed sądem.",Furgonetka antyaborcyjna odholowana sprzed Szpitala Bielańskiego,"https://bi.im-g.pl/im/74/52/17/z24456820V,Furgonetka-antyaborcyjna-odholowana-sprzed-Szpital.jpg",image,Czy zdjęcia płodów naruszają prawo? Sąd zajmie się furgonetkami antyaborcyjnymi,"http://warszawa.wyborcza.pl/warszawa/7,54420,24811167,czy-zdjecia-plodow-naruszaja-prawo-sad-zajmie-sie-furgonetkami.html"
24811029,Rafał Wójcik  Michał Wilgocki,"– Trzeba będzie także ujawnić źródła, które doprowadziły do tego, że się posiada i ma na własność jakieś drogie przedmioty, na przykład nieruchomości, bo to też jest bardzo ważne – stwierdził Jarosław Kaczyński. – Krótko mówiąc, będzie trzeba wyjaśnić, skąd się ma majątek, bo to nie w każdym wypadku jest zupełnie jasne.Prezes PiS stwierdził, że nowe prawo powinno dotyczyć posłów, członków rządu, wojewodów i wicewojewodów oraz marszałków i wicemarszałków województw.Wystąpienie Kaczyńskiego to efekt publikacji „Wyborczej”, która ujawniła kulisy transakcji, jaką w 2002 roku przeprowadził 31-letni wówczas Mateusz Morawiecki. Został wtedy członkiem zarządu banku BZ WBK. Dzięki znajomości z abp. Henrykiem Gulbinowiczem kupił od proboszcza wrocławskiej parafii garnizonowej pw. św. Elżbiety 15 ha gruntów na wrocławskim osiedlu Oporów.",2019-05-21 18:59:00.000000,Kraj,"- Jesteśmy gotowi w bardzo krótkim czasie uchwalić ustawę, na podstawie której będzie trzeba ujawniać majątki także małżonków [polityków], osób pozostających we wspólnym pożyciu oraz dorosłych dzieci - powiedział prezes PiS w Słupsku.",True,2019-05-22 19:05:55.974075,"- Jesteśmy gotowi w bardzo krótkim czasie uchwalić ustawę, na podstawie której będzie trzeba ujawniać majątki także małżonków [polityków], osób pozostających we wspólnym pożyciu oraz dorosłych dzieci - powiedział prezes PiS w Słupsku.",Prezes PiS Jarosław Kaczyński podczas przemówienia.,"https://bi.im-g.pl/im/48/a9/17/z24811080V,Prezes-PiS-Jaroslaw-Kaczynski-podczas-przemowienia.jpg",image,Kaczyński po śledztwie Wyborczej: Jesteśmy gotowi uchwalić ustawę o jawności majątków rodzin polityków,"http://wyborcza.pl/7,75398,24811029,kaczynski-reaguje-po-sledztwie-wyborczej-jestesmy-gotowi.html"
24811148,Maciej Czarnecki,"– Przedstawiamy nową ofertę, by znaleźć wspólną płaszczyznę w parlamencie. To jedyny sposób, żeby zrealizować brexit – powiedziała Theresa May podczas wtorkowego wystąpienia dla mediów.Premier obiecała, że jeśli posłowie przegłosują umowę rozwodową, którą w styczniu i marcu odrzucali już trzykrotnie, dostaną szansę, by zagłosować nad drugim referendum. Zaznaczyła, że sama nie jest zwolenniczką powtórnego głosowania, ale uznaje, że niektórzy są innego zdania.Rząd chce przeprowadzić głosowanie nad umową między 4 a 6 czerwca. Tym razem obuduje ją całą ustawą o wyjściu z UE. May obiecała, że w toku prac nad nią parlament zadecyduje, czy i na jakich zasadach Wielka Brytania powinna być tymczasowo w unii celnej – to kwestia, której rządzącym torysom nie udało się ustalić podczas sześciotygodniowych negocjacji z opozycyjną Partią Pracy.Aby przezwyciężyć sprzeciw północnoirlandzkich unionistów z jej własnej partii, premier zapowiedziała, że rząd postara się do grudnia 2020 r. wypracować alternatywy, by zastąpić kontrowersyjny irlandzki backstop, czyli rozwiązanie mające zapewnić brak „twardej” granicy między Irlandią a Irlandią Północną. Gdyby się to udało, backstop nigdy nie wszedłby w życie. Ale nawet gdyby wszedł, z mocy ustawy przyszły rząd nie będzie mógł wprowadzać odrębnych regulacji dla Irlandii Północnej i pozostałych części Zjednoczonego Królestwa.",2019-05-21 18:47:00.000000,Świat,"Brytyjska premier przedstawiła we wtorek przed kamerami nową ofertę w sprawie brexitu. Liczy, że dzięki niej uda się przeforsować w parlamencie porozumienie rozwodowe wynegocjowane z Brukselą.",True,2019-05-22 19:05:55.974075,"Brytyjska premier przedstawiła we wtorek przed kamerami nową ofertę w sprawie brexitu. Liczy, że dzięki niej uda się przeforsować w parlamencie porozumienie rozwodowe wynegocjowane z Brukselą.","Brytyjska premier Theresa May podczas wystąpienia dla mediów, Londyn, 21 maja 2019 r.","https://bi.im-g.pl/im/91/a9/17/z24811153V,Brytyjska-premier-Theresa-May-podczas-wystapienia-.jpg",image,"Theresa May obiecuje posłom głosowanie nad drugim referendum, jeśli poprą jej umowę brexitową","http://wyborcza.pl/7,75399,24811148,theresa-may-obiecuje-poslom-glosowanie-nad-drugim-referendum.html"
24807911,Mateusz Kokoszkiewicz,"Działka przy ul. Mokronoskiej od średniowiecza do 1810 r. należała do wrocławskiej kapituły katedralnej. Została przejęta przez państwo pruskie w 1810 r., wraz z sekularyzacją dóbr kościelnych w Prusach. Po II wojnie światowej znajdowało się tam Państwowe Gospodarstwo Rolne „Oporów”.Ogólny plan zagospodarowania Wrocławia uchwalono jeszcze pod koniec PRL-u, w 1988 r. Działka przy ul. Mokronoskiej przeznaczona była w nim wyłącznie pod uprawy rolne. Można było budować tylko obiekty bezpośrednio związane z produkcją rolną, a także zakładać sady, łąki i pastwiska. Plan nie przewidywał drogi i budowy obiektów usługowych.Jednak wszystkie plany ogólne utraciły moc w 2003 r. A zanim wrocławski plan stracił ważność – w 2001 r. za prezydentury Stanisława Huskowskiego – wrocławska rada miejska uchwaliła przystąpienie do nowego planu zagospodarowania dla obszaru na Oporowie. Mateusz Morawiecki był wtedy radnym sejmiku dolnośląskiego.",2019-05-21 18:02:00.000000,mateusz morawiecki,"Na działce kupionej przez premiera Mateusza Morawieckiego i należącej do jego żony Iwony zaplanowano budowę nowej drogi, a na pozostałej części może powstać biurowiec lub hotel. Wcześniej dopuszczano tu tylko uprawy rolne.",True,2019-05-22 19:05:55.974075,"Na działce kupionej przez premiera Mateusza Morawieckiego i należącej do jego żony Iwony zaplanowano budowę nowej drogi, a na pozostałej części może powstać biurowiec lub hotel. Wcześniej dopuszczano tu tylko uprawy rolne.",Mateusz Morawiecki i działka kupiona przez niego na Oporowie we Wrocławiu,"https://bi.im-g.pl/im/f4/a8/17/z24807924V,Mateusz-Morawiecki-i-dzialka-kupiona-przez-niego-n.jpg",image,"Biurowce, droga i... Co może powstać na działce kupionej przez Mateusza Morawieckiego","http://wroclaw.wyborcza.pl/wroclaw/7,35771,24807911,biurowce-droga-i-co-moze-powstac-na-dzialce-kupionej-przez.html"
24811106,Grzegorz Szydłowski,"We wtorek oddany dla ruchu został obwodnicowy węzeł drogowy Olsztyn Pieczewo. A ponieważ dwa tygodnie wcześniej ratusz skończył budowę nowej ul. Pstrowskiego, Olsztyn zyskał kolejne połączenie z obwodnicą miasta.Węzeł nie jest jednak gotowy do użytkowania w całości. – Na razie będzie funkcjonował tylko w części umożliwiającej dojazd do Olsztyna. Trwają jeszcze prace na budowie nowej drogi w kierunku Szczytna. Zostanie udostępniona w drugiej połowie czerwca – zapowiada Karol Głębocki, rzecznik prasowy olsztyńskiego oddziału Generalnej Dyrekcji Dróg Krajowych i Autostrad.Mimo że prace trwają, termin otwarcia części węzła drogowego wykorzystali politycy PiS, którzy na uroczystość przyjechali z mocną reprezentacją. Był wojewoda, szef olsztyńskiego PiS, radny wojewódzki, radny miejski, europoseł startujący w niedzielnych wyborach... Szczególnie ważna wydawała się wizyta tego ostatniego – Karola Karskiego. Skąd ten wniosek? Bo kandydat PiS do europarlamentu spóźnił się o pół godziny. Czekali więc na niego wszyscy – drogowcy, urzędnicy, politycy i dziennikarze.",2019-05-21 18:30:00.000000,eurowybory 2019,"Takich okazji politycy nie zwykli przepuszczać. Ale to, co zrobili działacze PiS na otwarciu kolejnego odcinka obwodnicy Olsztyna, przeszło najśmielsze oczekiwania",True,2019-05-22 19:05:55.974075,"Takich okazji politycy nie zwykli przepuszczać. Ale to, co zrobili działacze PiS na otwarciu kolejnego odcinka obwodnicy Olsztyna, przeszło najśmielsze oczekiwania",Politycy PiS na otwarciu obwodnicowego węzła drogowego Olsztyn Pieczewo,"https://bi.im-g.pl/im/7f/a9/17/z24810879V,Politycy-PiS-na-otwarciu-obwodnicowego-wezla-drogo.jpg",image,Eurowybory 2019. Kampania PiS na obwodnicy Olsztyna,"http://olsztyn.wyborcza.pl/olsztyn/7,48726,24811106,eurowybory-2019-kampania-pis-na-obwodnicy-olsztyna.html"
24811053,Adam Zadworny,"Dołgie to licząca 144 mieszkańców wieś sołecka położona nad jeziorem, w powiecie drawskim (w Zachodniopomorskiem).Jest tu szlak rowerowy i konny, sklep spożywczy, zabytkowy drewniano-szachulcowy kościół. I wiejska świetlica.Właśnie ta świetlica – a jest w niej siłownia, stół do ping-ponga i cymbergaj – stała się przedmiotem sporu z księdzem proboszczem, który rozpętał we wsi wielkie emocje.Kościół we wsi Dołgie, filia kościoła w Zarańsku, po wojnie przez wiele lat niszczał nieużytkowany. Poświęcono go dopiero w 1969 r. Od dawna wymagał remontu.Właśnie w związku z remontem jego fundamentów we wrześniu 2017 r. ksiądz Marek Humeniuk zaczął odprawiać msze w wiejskiej świetlicy. Mieszkańcy wyrazili na to zgodę, była też stosowna umowa użyczenia świetlicy podpisana z gminą.Wcześniej za 150 zł można było świetlicę wynająć, np. na rodzinną imprezę. Odkąd wprowadził się tam ksiądz, zaczęły się z tym kłopoty.",2019-05-21 18:10:00.000000,Szczecin,"Głosowania były dwa, na dwóch wiejskich zebraniach. Na obu ludzie postanowili, że w świetlicy będzie nadal ping-pong i cymbergaj, a nie ołtarz i klęczniki.",True,2019-05-22 19:05:55.974075,"Głosowania były dwa, na dwóch wiejskich zebraniach. Na obu ludzie postanowili, że w świetlicy będzie nadal ping-pong i cymbergaj, a nie ołtarz i klęczniki.",Wnętrze świetlicy we wsi Dołgie przerobione na potrzeby mszy,"https://bi.im-g.pl/im/56/a9/17/z24811094V,Wnetrze-swietlicy-we-wsi-Dolgie-przerobione-na-pot.jpg",image,"Mieszkańcy wsi Dołgie odbili swoją świetlicę z rąk księdza dopiero, gdy zbankrutowała gmina","http://szczecin.wyborcza.pl/szczecin/7,34951,24811053,mieszkancy-wsi-dolgie-odbili-swoja-swietlice-z-rak-ksiedza-dopiero.html"
24811037,jak,"Agnieszka Radwańska stawiła się w Tauron Arenie na swoim benefisie, uroczystym zakończeniu kariery. Przed wyjściem na kort mówiła o......swojej karierze: Starałam się podejmować jak najlepsze decyzje. Teraz można gdybać, zawsze chciałoby się więcej, ale przez 13 lat profesjonalnej gry robiłam wszystko na sto procent. Osiągnęłam tyle, ile mogłam. W wieku 15 lat bym tego sobie nie wymyśliła....igrzyskach olimpijskich i grze dla reprezentacji Polski: Zawsze powtarzałam, że dla Polski grałam przez całą karierę. Owszem, igrzyska olimpijskie w moim wykonaniu nie należały do udanych, ale może tak czasem jest, że nie wychodzi, kiedy za bardzo się chce. W reprezentacji na Puchar Federacji grałam z kolei przez 10 lat, w singlu i w deblu. Mam za sobą mnóstwo meczów, udało nam się awansować do tzw. grupy światowej, z czego jestem ogromnie dumna. Bo to była długa droga. Zawsze, kiedy tylko na horyzoncie pojawiała się polska flaga, rozpierała mnie duma.",2019-05-21 17:38:00.000000,tenis,Najlepsza polska tenisistka we wtorek w Krakowie opowiadała o życiu po karierze i m.in. skomentowała decyzję o porzuceniu pomysłu o przyznaniu jej tytułu honorowej obywatelki Krakowa. - To było przykre. W grę wchodziły względy polityczne. Mam na myśli poglądy mojego ojca - oceniła.,True,2019-05-22 19:05:55.974075,Najlepsza polska tenisistka we wtorek w Krakowie opowiadała o życiu po karierze i m.in. skomentowała decyzję o porzuceniu pomysłu o przyznaniu jej tytułu honorowej obywatelki Krakowa. - To było przykre. W grę wchodziły względy polityczne. Mam na...,,https://bi.im-g.pl/im/f3/a9/17/z24810739V.jpg,image,Agnieszka Radwańska o ewentualnym wznowieniu kariery: Nie czuję się na siłach,"http://krakow.wyborcza.pl/krakow/7,35800,24811037,agnieszka-radwanska-o-ewentualnym-wznowieniu-kariery-nie-czuje.html"
24810924,Łukasz Woźnicki,"Zmieniany art. 212 kodeksu karnego dotyczy zniesławienia. To relikt PRL, który przewiduje m.in. karę do roku więzienia za pomówienie za pośrednictwem środków masowego przekazu. Organizacje praw człowieka od dawna wzywają rządzących do usunięcia go z kodeksu, bo służy do tłumienia krytyki. - Kara pozbawienia wolności za słowa jest sprzeczna z gwarancjami wolnego słowa – upominały Polskę ONZ i OBWE.„PiS przygotuje projekt, który zlikwiduje okryty złą sławą artykuł 212” – zapowiadał w poprzedniej kadencji Sejmu prezes PiS Jarosław Kaczyński. Ale gdy PiS doszedł do władzy, Kaczyński sam sięgnął po przepis i w lutym wystąpił o ukaranie z art. 212 kk dziennikarzy „Wyborczej”, którzy ujawnili sprawę budowy wieżowca spółki Srebrna. Trzy miesiące później PiS idzie o wiele dalej – rozszerza karalność zniesławienia.W szerokiej nowelizacji kodeksu karnego przyjętej w ubiegłym tygodniu przez Sejm resort sprawiedliwości do art. 212 dopisał paragraf 2a. Regulacja wprowadza nowy typ przestępstwa, karany grzywną lub nawet rokiem więzienia. Taką karę będzie można orzec wobec osoby, która „w celu popełnienia przestępstwa zniesławienia albo po jego popełnieniu tworzy fałszywe dowody na potwierdzenie nieprawdziwego zarzutu”. Podobne sankcje przewidziano wobec osób, które będą nakłaniać innych do potwierdzenia nieprawdziwych zarzutów.",2019-05-21 17:40:00.000000,Kraj,"Pod pozorem walki z pedofilią Zbigniew Ziobro wprowadza nowy - karany więzieniem - typ zniesławienia. Prokuratura z urzędu będzie ścigać za tworzenie ""fałszywych dowodów"" służących pomówieniu. - Nowe przepisy mogą znacząco ograniczyć wolność słowa - ostrzega RPO Adam Bodnar.",True,2019-05-22 19:05:55.974075,"Pod pozorem walki z pedofilią Zbigniew Ziobro wprowadza nowy - karany więzieniem - typ zniesławienia. Prokuratura z urzędu będzie ścigać za tworzenie ""fałszywych dowodów"" służących pomówieniu. - Nowe przepisy mogą znacząco ograniczyć wolność słowa -...","Minister Zbigniew Ziobro podczas konferencji podsumowującej dwa lata pracy jego resortu. Warszawa, 15 listopada 2017","http://bi.gazeta.pl/im/8d/9a/15/z22654605V,Minister-Zbigniew-Ziobro-podczas-konferencji-podsu.jpg",image,Rok więzienia za mema? Ziobro zmienia art. 212,"http://wyborcza.pl/7,75398,24810924,rok-wiezienia-za-mema-ziobro-zmienia-art-212.html"
24809940,az,"Robert Biedroń i kandydaci Wiosny do Parlamentu Europejskiego w okręgu 13 spotkali się z dziennikarzami we wtorek na Łasztowni. Ustawili się na tle Wałów Chrobrego i łopoczących flag, nad nimi unosiły się bańki mydlane, puszczane przez jakiegoś zawodowca od dziecięcych zabaw.Lider Wiosny trzymał w rękach tabliczkę z hasłem ""Układ Morawieckiego"". - Tak wygląda brak rozdziału państwa od Kościoła – mówił Biedroń. Było to nawiązanie do ujawnionej przez „Wyborczą” transakcji zakupu od Kościoła atrakcyjnych gruntów pod Wrocławiem przez Mateusza Morawieckiego. Wcześniej Kościół dostał je bezpłatnie od państwa. Dzisiaj tereny te mogą być nawet sto razy droższe. Żona premiera (to ona obecnie jest ich właścicielką) po naszej publikacji zadeklarowała, że odsprzeda je miastu bez zysku.– Do takiej sytuacji by nie doszło, gdyby państwo lepiej pilnowało majątku wspólnego, a politycy byli bardziej transparentni – mówił lider Wiosny. – Te powiązania są jak ośmiornica, która oplata cały nasz kraj.",2019-05-21 15:19:00.000000,eurowybory 2019,"24,5 mln zł - tyle, wedle słów lidera Wiosny, wart był majątek sprzedany w Szczecinie Kościołowi za 100 tys. zł.",True,2019-05-22 19:05:55.974075,"24,5 mln zł - tyle, wedle słów lidera Wiosny, wart był majątek sprzedany w Szczecinie Kościołowi za 100 tys. zł.",Wiosna Roberta Biedronia na Łasztowni,"https://bi.im-g.pl/im/6a/a9/17/z24810090V,Wiosna-Roberta-Biedronia-na-Lasztowni.jpg",image,Wybory do Parlamentu Europejskiego 2019. Biedroń w Szczecinie o kościelnym majątku,"http://szczecin.wyborcza.pl/szczecin/7,34939,24809940,wybory-do-parlamentu-europejskiego-2019-biedron-w-szczecinie.html"
24810042,jb  jo,"Trąba powietrzna nawiedziła Stasin krótko po południu. Po godz. 15 przyjechaliśmy na miejsce. Przy wjeździe do Stasina zawalone budynki mieszkalne i gospodarcze. Rumowisko.Trąba powietrzna pod Lublinem [ZDJĘCIA] – W sekundę zrobiło się całkowicie ciemno. Potem jeden wielki ryk. Wszystko latało nad głową – relacjonuje pan Andrzej, jeden z mieszkańców Stasina. – Widząc, co się dzieje wokoło, padłem na ziemię. Prawdopodobnie to uratowało mi życie.Tadeusz Bartoszcze: - Przed rokiem przekazałem gospodarstwo synowi. Zaczął remont, a teraz wszystko zniszczone. Nawet garaż, na który runął dach. Całkowicie zniszczył samochód, który nie tak dawno kupił syn. Miał mnie nim wozić do lekarza.– Zniszczenia są bardzo duże, praktycznie każdy budynek we wsi Stasin jest uszkodzony – informuje Andrzej Szacoń z Komendy Miejskiej Państwowej Straży Pożarnej w Lublinie.",2019-05-21 17:26:00.000000,trąba powietrzna,Trąba powietrzna pod Lublinem. Ucierpiały 42 gospodarstwa. W sumie 120 budynków. Największe straty są w Stasinie k. Wojciechowa. Jeden z mieszkańców został ranny. Pracuje tam 37 zastępów straży pożarnej. Na miejsce kataklizmu po godz. 18 przybył premier Mateusz Morawiecki.,True,2019-05-22 19:05:55.974075,Trąba powietrzna pod Lublinem. Ucierpiały 42 gospodarstwa. W sumie 120 budynków. Największe straty są w Stasinie k. Wojciechowa. Jeden z mieszkańców został ranny. Pracuje tam 37 zastępów straży pożarnej.,Trąba powietrzna przeszła nad Stasiniem niedaleko Lublina,"https://bi.im-g.pl/im/8f/a9/17/z24810895V,Traba-powietrzna-przeszla-nad-Stasiniem-niedaleko-.jpg",image,"Trąba powietrzna przeszła przez powiat lubelski. Pozrywane dachy, zawalone domy. Na miejscu premier Morawiecki","http://lublin.wyborcza.pl/lublin/7,48724,24810042,traba-powietrzna-przeszla-przez-powiat-lubelski-pozrywane-dachy.html"
24808950,Adriana Rozwadowska,"50 proc. badanych przedsiębiorców popiera podwyższenie płacy minimalnej - wynika z opublikowanego we wtorek raportu przygotowanego przez Politykę Insight na zlecenie Polskiej Rady Biznesu. Ale różnice pomiędzy firmami - w zależności od ich wielkości - są znaczące.O opinie zapytano prowadzących jednoosobową działalność gospodarczą (w Polsce to w sumie 1,2 mln podmiotów, z czego 15 proc. to fikcyjnie samozatrudnieni), a także przedstawicieli mikro (do 9 zatrudnionych), małych (10-49), średnich (50-249) i dużych firm (250+).Z danych podawanych przez GUS wynika, że co do zasady płace w większych firmach są znacznie wyższe niż w mniejszych. Mogłoby się więc wydawać, że podnoszenie płacy minimalnej sprawi więcej trudności małym niż dużym podmiotom.Tymczasem najwyższe poparcie dla podnoszenia płacy minimalnej zanotowano w grupie małych firm - aż 64 proc. Z kolei najbardziej niechętni płacy minimalnej są ci, którzy nikogo nie zatrudniają, czyli jednoosobowe firmy - w tej grupie za jest tylko 48 proc. badanych. Może to wynikać z tego, że część prowadzących jednoosobową działalność zatrudniłaby kogoś, ale nie jest w stanie zapewnić potencjalnemu pracownikowi płacy minimalnej. Wreszcie wśród dużych firm poparcie dla płacy minimalnej wynosi co prawda 52 proc., ale to w tej grupie odnotowano największy odsetek skrajnie negatywnych opinii - 19 proc. wobec zaledwie 7 proc. wśród małych przedsiębiorców.",2019-05-21 17:15:00.000000,Gospodarka,W małych firmach poparcie dla podnoszenia płacy minimalnej jest wysokie. Najniższe - w dużych. Do tego to właśnie w podmiotach 250+ najczęstsze są skrajnie negatywne reakcje na świadczenie 500+.,True,2019-05-22 19:05:55.974075,W małych firmach poparcie dla podnoszenia płacy minimalnej jest wysokie. Najniższe - w dużych. Do tego to właśnie w podmiotach 250+ najczęstsze są skrajnie negatywne reakcje na świadczenie 500+.,,https://bi.im-g.pl/im/53/a9/17/z24810835V.jpg,image,"Duży małego nie zrozumie. Najbardziej niechętne podnoszeniu płacy minimalnej, składkom do ZUS i 500+ są największe firmy","http://wyborcza.pl/7,155287,24808950,duzy-malego-nie-zrozumie-najbardziej-niechetne-podnoszeniu.html"
24809829,Edyta Bryła,"Według badań firmy doradczej EY obniża się atrakcyjność Polski wśród inwestorów zagranicznych. Z piątego i siódmego miejsca w ciągu dwóch ostatnich lat spadliśmy na dziewiąte. - To przez to, że Polska przestaje być tanią lokalizacją inwestycji - ocenia Krzysztof Misiak z firmy doradczej Cushman & Wakefield.Chodzi przede wszystkim o koszty pracy. Choć średnie zarobki, wyliczane na 10 euro na godzinę (dane za rok 2017), są wciąż o ponad połowę niższe niż średnia europejska (26,90 euro), to urosły o prawie 9 proc. - Spadająca atrakcyjność inwestycyjna zmotywowała nas, by sprawdzić, co inwestorzy zagraniczni cenią w polskich miastach, wybierając lokalizację inwestycji - powiedział Artur Skiba, prezes firmy Antal (ekspert rynku pracy) i wiceprezes Stowarzyszenia Agencji Zatrudnienia.We wtorek Skiba przedstawił wyniki badania (brały w nim udział firmy Antal, Cushman & Wakefield i firma deweloperska Vastint). Eksperci przepytali 500 menedżerów, prezesów i dyrektorów w zagranicznych firmach w Polsce, które zainwestowały w Polsce w ciągu ostatnich dwóch lat. Miasta oceniane były m.in. pod względem potencjału zatrudnienia, infrastruktury i dostępności powierzchni biurowych oraz rozwoju lokalnego biznesu, a także oceny lokalizacji jako miejsca do życia.",2019-05-21 17:05:00.000000,Gospodarka,"Nowi zagraniczni inwestorzy w Polsce wskazali, co najbardziej podoba im się w naszych miastach. Najwyższe noty dostał Kraków - za dostęp do nowych kadr.",True,2019-05-22 19:05:55.974075,"Nowi zagraniczni inwestorzy w Polsce wskazali, co najbardziej podoba im się w naszych miastach. Najwyższe noty dostał Kraków - za dostęp do nowych kadr.",Nocne zdjęcie biurowców położonych w centrum Lublina.,"https://bi.im-g.pl/im/5d/a9/17/z24810589V,Nocne-zdjecie-biurowcow-polozonych-w-centrum-Lubli.jpg",image,W Lublinie inwestorów przyciągają niewielka rotacja pracowników i bardzo tanie biura. Co jeszcze podoba się inwestorom w naszych miastach? [Wyniki badań],"http://wyborcza.pl/7,155287,24809829,w-lublinie-inwestorow-przyciaga-tylko-3-proc-rotacji-pracownikow.html"
24810623,Maciej Czarnecki,"CZYTAJ TAKŻE: May obiecuje posłom głosowanie nad drugim referendum, jeśli poprą jej umowę brexitowąPartia Brexit, założona na początku roku przed enfant terrible brytyjskiej polityki Nigela Farage’a, w ciągu kilku miesięcy wysforowała się na czoło sondaży przed czwartkowymi eurowyborami. Rośnie dzięki rozczarowaniu brexitowców opóźnianiem wyjścia z UE. Tradycyjne ugrupowania są w tej sprawie podzielone. A Farage i spółka mają trzy rzeczy, których potrzeba w tych czasach do osiągnięcia sukcesu: prosty przekaz, rozpoznawalnego lidera i sprawną machinę wyborczą.Farage pochwalił się w weekend „The Telegraph”, że partia otrzymuje w datkach 100 tys. funtów dziennie i że musiał zatrudnić w sztabie dodatkowych pracowników.Jednak po serii alarmujących doniesień w mediach były laburzystowski premier Gordon Brown zaapelował do komisji wyborczej, by przyjrzała się tym wpłatom, bo część z nich może pochodzić z podejrzanych źródeł. We wtorek pracownicy komisji weszli do biur partii, by sprawdzić, czy przyjmuje pieniądze zgodnie z prawem.",2019-05-21 17:02:00.000000,Świat,Lider sondaży przed wyborami do europarlamentu na Wyspach Brytyjskich szczyci się popularnością wśród darczyńców i użytkowników serwisów społecznościowych. Jednak obie kwestie są mocno podejrzane.,True,2019-05-22 19:05:55.974075,Lider sondaży przed wyborami do europarlamentu na Wyspach Brytyjskich szczyci się popularnością wśród darczyńców i użytkowników serwisów społecznościowych. Jednak obie kwestie są mocno podejrzane.,"Nigel Farage przemawia podczas przedwyborczego wiecu Partii Brexit. Lakeside Country Club w  Frimley Green (hrabstwo Surrey), 19 maja 2019 r.","https://bi.im-g.pl/im/40/a9/17/z24810816V,Nigel-Farage-przemawia-podczas-przedwyborczego-wie.jpg",image,Komisja wyborcza weszła do siedziby Partii Brexit Nigela Farage'a. Niepokojące pytania o darczyńców,"http://wyborcza.pl/7,75399,24810623,komisja-wyborcza-weszla-do-siedziby-partii-brexit-nigela-farage-a.html"
24809938,Małgorzata Kolińska- Dąbrowska,"Na wtorkowej konferencji prasowej po posiedzeniu Rady Ministrów szczegóły programu 500 plus dla niepełnosprawnych doprecyzował premier Mateusz Morawiecki. Według szefa rządu 500 zł miesięcznie mają dostać osoby niepełnosprawne, które ukończyły 18 lat i wymagają stałej opieki, bo same nie mogą  funkcjonować. Jest jednak warunek, które należy spełnić. Pieniądze dostaną ci, którzy ""nie mają orzeczonej renty z tytułu niepełnosprawności lub emerytury"".Premier zapowiedział projekt ustawy na czerwiec.Na 500 plus dla niepełnosprawnych rząd przeznaczy pieniądze z podatku handlowego. Podatek obciąża wielkie sieci handlowe.Jednak nawet premier Mateusz Morawiecki ma świadomość, że pieniądze te na razie są niepewne.",2019-05-21 16:00:00.000000,Gospodarka,"Rząd szacuje, że nowe 500 plus ma trafić do ponad pół miliona niepełnosprawnych. To wydatek budżetowy w wysokości prawie 3 mld zł rocznie. Pieniądze przeznaczone na świadczenie - jak zapowiedział premier Mateusz Morawiecki - mają pochodzić z podatku handlowego oraz funduszu solidarnościowego.",True,2019-05-22 19:05:55.974075,"Rząd szacuje, że nowe 500 plus ma trafić do ponad pół miliona niepełnosprawnych. To wydatek budżetowy w wysokości prawie 3 mld zł rocznie. Pieniądze przeznaczone na świadczenie - jak zapowiedział premier Mateusz Morawiecki - mają pochodzić z podatku...","22. dzień protestu rodziców dzieci niepełnosprawnych w Sejmie, 09.05.2018","http://bi.gazeta.pl/im/23/4b/16/z23379491V,22--dzien-protestu-rodzicow-dzieci-niepelnosprawny.jpg",image,500 plus dla niepełnosprawnych. Rząd znajdzie na to 3 mld zł. Premier zdradza warunki,"http://wyborcza.pl/7,155287,24809938,500-dla-niepelnosprawnych-rzad-znajdzie-na-to-3-mld-zlotych.html"
24815001,Dariusz Wołowski,,2019-05-22 20:00:00.000000,,,True,2019-05-22 19:05:55.974075,Armeński pomocnik Arsenalu nie zagra w finale Ligi Europy z Chelsea w Baku 29 maja ze względu na stan zimnej wojny między Armenią i Azerbejdżanem. Kto jest temu winien?,,,,"Henrich Mychitarian i konflikt Armenia vs Azerbejdżan. Nie zagra, bo ryzyko jest zbyt wielkie","http://wyborcza.pl/7,154903,24815001,henrich-mychitarian-i-konflikt-armenia-vs-azerbejdzan-nie-zagra.html"
24814732,Jolanta Kowalewska,,2019-05-22 18:39:00.000000,,,True,2019-05-22 19:05:55.974075,"Klub informuje, że to tylko część roszczeń. Zapowiada kolejne. Małgorzata Jacyna-Witt, która pełni obowiązki prezesa spółki Stocznia Szczecińska, odpowiada, że klubowi żadne pieniądze się nie należą i że to on powinien oddać przedsiębiorstwu 100...",,,,Siatkarski klub Stocznia Szczecin pozwał Stocznię Szczecińską do sądu o zapłatę prawie 10 milionów złotych,"http://szczecin.wyborcza.pl/szczecin/7,34939,24814732,siatkarski-klub-stocznia-szczecin-pozwal-stocznie-szczecinska.html"
24814846,Piotr Szostak,,2019-05-22 18:42:00.000000,,,True,2019-05-22 19:05:55.974075,"""Nie uczyniliśmy wszystkiego, aby zapobiec krzywdom"" - napisali biskupi po obradach Rady Stałej Konferencji Episkopatu. Kościół chce opracować ""systemową odpowiedź na problem wykorzystywania dzieci przez niektórych duchownych"". Na razie pracuje nad...",,,,"Episkopat: Nie ma słów, aby wyrazić nasz wstyd. Będzie specjalny list do wiernych","http://wyborcza.pl/7,75398,24814846,episkopat-nie-ma-slow-aby-wyrazic-nasz-wstyd.html"
24814740,Maciej Czarnecki,,2019-05-22 18:26:00.000000,,,True,2019-05-22 19:05:55.974075,W ostatnich sondażach na Wyspach Brytyjskich przed wyborami do Parlamentu Europejskiego zdecydowanie prowadzi Partia Brexit Nigela Farage'a. Brytyjczycy idą do urn już w czwartek.,,,,Eurowybory wstrząsną sceną polityczną w Wielkiej Brytanii,"http://wyborcza.pl/7,75399,24814740,eurowybory-wstrzasna-scena-polityczna-w-wielkiej-brytanii.html"
24814686,Wojciech Karpieszuk,,2019-05-22 18:10:00.000000,,,True,2019-05-22 19:05:55.974075,"Radni na najbliższej sesji nie zagłosują w sprawie odebrania honorowego obywatelstwa abp. Głódziowi i Hoserowi. Najpierw muszą zmienić uchwałę, bo okazało się, że przepisy nie przewidują takiego trybu.",,,,Głódź i Hoser na razie pozostaną honorowymi obywatelami Warszawy,"http://warszawa.wyborcza.pl/warszawa/7,54420,24814686,glodz-i-hoser-na-razie-pozostana-honorowymi-obywatelami-warszawy.html"
24814733,Marek Deryło,,2019-05-22 17:46:00.000000,,,True,2019-05-22 19:05:55.974075,We wtorek w Warszawie odsłonięto pomnik Feliksa Stamma. Jego pięściarze zdobyli 24 medale olimpijskie i 27 razy triumfowali na mistrzostwach Europy. Jak został legendą?,,,,"Oglądałem, jak łomotaliście Ruskich. Czy Feliks Stamm to najwybitniejszy trener w historii polskiego sportu?","http://wyborcza.pl/7,154903,24814733,ogladalem-jak-lomotaliscie-ruskich-czy-feliks-stamm-to-najwybitniejszy.html"
24814328,Piotr Miączyński,,2019-05-22 18:04:00.000000,,,True,2019-05-22 19:05:55.974075,"Z zeznań byłej wiceminister finansów Elżbiety Chojny-Duch wyłania się specyficzny koktajl mniej i bardziej nieformalnych znajomości, antypatii i sympatii. Pełno tu doradców rzekomo lobbujących za korzystnymi rozwiązaniami, pojawiają się też...",,,,Zeznawał najważniejszy świadek PiS w komisji ds. VAT. Są spore wątpliwości,"http://wyborcza.pl/7,155287,24814328,zeznawal-najwazniejszy-swiadek-pis-w-aferze-vat-sa-spore-watpliwosci.html"
24814629,Marta Urzędowska,,2019-05-22 17:44:00.000000,,,True,2019-05-22 19:05:55.974075,"Setki tysięcy zaginionych w więzieniach, regularne tortury, gwałty i rozmyślne ataki na cywilów - kolejne ujawnione przez aktywistów dokumenty potwierdzają okrucieństwo syryjskiego reżimu.",,,,Syria: Rządowe dokumenty potwierdzają bestialstwa Baszara al-Asada,"http://wyborcza.pl/7,75399,24814629,dowody-na-zbrodnie-asada.html"
24814390,Martyna Śmigiel,,2019-05-22 17:15:00.000000,,,True,2019-05-22 19:05:55.974075,"- Zarabiamy od 1,6 tys. do 2,4 tys. zł na rękę. Po pięciu latach studiów i ciągłym dokształcaniu. W ten sposób nie da się godnie żyć - mówią fizjoterapeuci i diagności laboratoryjni, którzy od wtorku nie jedzą. Protestem głodowym walczą o podwyżki...",,,,"Po studiach dostajemy od 1,6 tys. do 2,4 tys. zł. Dość. Fizjoterapeuci i diagności prowadzą głodówkę","http://warszawa.wyborcza.pl/warszawa/7,54420,24814390,po-studiach-dostajemy-od-1-6-do-2-4-tys-zl-dosc-fizjoterapeuci.html"
24814632,Wojciech Czuchnowski,,2019-05-22 17:18:00.000000,,,True,2019-05-22 19:05:55.974075,"Mateusz Morawiecki i jego żona Iwona zapowiedzieli pozew przeciwko ""Wyborczej"" za tekst o ich działce we wrocławskim Oporowie. Zatrudnili kancelarię obsługującą instytucje i spółki skarbu państwa, której partnerzy zasiadają też we władzach...",,,,Prawnicy Morawieckiego zarabiają w państwowych spółkach,"http://wyborcza.pl/7,75398,24814632,prawnicy-morawieckiego-zarabiaja-w-panstwowych-spolkach.html"
24814276,Kamil Siałkowski,,2019-05-22 16:45:00.000000,,,True,2019-05-22 19:05:55.974075,"Miesiąc przed zabójstwem dwie osoby uprowadziły Kubę do lasu. Chciały go nastraszyć, kazały oddać pieniądze - nowe okoliczności tragedii w Wawrze ujawnili w programie ""Interwencja"" rodzice zamordowanego chłopaka.",,,,Nowe informacje w sprawie zabójstwa w szkole w Wawrze,"http://warszawa.wyborcza.pl/warszawa/7,54420,24814276,nowe-informacje-w-sprawie-zabojstwa-w-szkole-w-wawrze.html"
24814289,Gabriela Łazarczyk,,2019-05-22 17:00:00.000000,,,True,2019-05-22 19:05:55.974075,"System lojalnościowy dla dbających o środowisko - tak w skrócie można opisać koncept firmy EcoTech System, polskiego producenta recyklomatów. W najbliższym czasie w Warszawie będzie można testowo wrzucać do nich opakowania. I zbierać punkty w...",,,,"System kaucyjny w aplikacji? Polskie automaty rozdrabniają butelki i puszki, a konsumenci zbierają punkty","http://wyborcza.pl/7,155287,24814289,system-kaucyjny-w-aplikacji-polskie-automaty-rozdrabniaja-butelki.html"
24814352,Grzegorz Walczak,,2019-05-22 16:30:00.000000,,,True,2019-05-22 19:05:55.974075,"- Mamy tu powódź - przyznaje burmistrz Adam Bodzioch, który od wtorku nie zmrużył nawet oka, a w gminie powołał sztab kryzysowy. W centrum Kazimierzy Wielkiej nieprzejezdne są drogi, zamknięto główne rondo. Przekopano brzeg Nidzicy, aby nadmiar wody...",,,,"Powódź w Kazimierzy Wielkiej. Drogi zablokowane, przekopano nawet brzeg rzeki","http://kielce.wyborcza.pl/kielce/7,47262,24814352,powodz-w-kazimierzy-wielkiej-drogi-zablokowane-przekopano.html"
24814335,k,,2019-05-22 16:16:00.000000,,,True,2019-05-22 19:05:55.974075,"Kardynał Henryk Gulbinowicz, biskup senior archidiecezji wrocławskiej, trafił w środę do szpitala.",,,,Kardynał Gulbinowicz jest w szpitalu,"http://wroclaw.wyborcza.pl/wroclaw/7,35771,24814335,kardynal-gulbinowicz-trafil-do-szpitala.html"
24813394,sim,,2019-05-22 14:11:00.000000,,,True,2019-05-22 19:05:55.974075,"Na wniosek burmistrza Łobza Piotra Ćwikły prezydent RP Andrzej Duda miałby zostać honorowym obywatelem tego miasta. O tym, czy tak się stanie, w czwartek zdecydują lokalni radni.",,,,Andrzej Duda honorowym obywatelem 13-tysięcznego miasteczka? Mieszkańcy są oburzeni: Nikt nas nie spytał o zdanie,"http://szczecin.wyborcza.pl/szczecin/7,34939,24813394,andrzej-duda-zostanie-honorowym-obywatelem-jednego-z-zachodniopomorskich.html"
24814079,Piotr Bera,,2019-05-22 16:15:00.000000,,,True,2019-05-22 19:05:55.974075,"Wolne stado 179 krów z Deszczna (woj. lubuskie) trafi na ubój tuż po wyborach do Parlamentu Europejskiego. - Brakuje słów, żeby opisać, co czujemy - mówi Konrad Kuźmiński z Dolnośląskiego Inspektoratu Ochrony Zwierząt (DIOZ), które chciało uratować...",,,,Wolne krowy idą na rzeź. Jest decyzja o zabiciu stada 179 krów,"http://wroclaw.wyborcza.pl/wroclaw/7,35771,24814079,wolne-krowy-ida-na-rzez-jest-decyzja-o-zabiciu-stada-179-krow.html"
24814333,Tomasz Ciechoński,,2019-05-22 16:09:00.000000,,,True,2019-05-22 19:05:55.974075,Wyższa Szkoła Kultury Społecznej i Medialnej w Toruniu będzie uczyć nowej specjalności: inteligentnych systemów informatycznych. W rozwoju tej dziedziny kształcenia ma jej pomóc były doradca premiera Finlandii.,,,,Uczelnia o. Rydzyka chce się zajmować sztuczną inteligencją,"http://torun.wyborcza.pl/torun/7,48723,24814333,uczelnia-o-rydzyka-chce-sie-zajmowac-sztuczna-inteligencja.html"
24812892,Julia Theus,,2019-05-22 16:13:00.000000,,,True,2019-05-22 19:05:55.974075,"Para poznańskich sokołów wędrownych, która rok temu założyła gniazdo na dachu Collegium Altum, ma trójkę piskląt. Po 50 latach sokoły, które kiedyś na stałe żyły w Poznaniu, powróciły do miasta. W środę poznaliśmy płeć piskląt.",,,,Sokoły wędrowne po 50 latach wróciły do Poznania. Znamy płeć trzech piskląt z gniazda na dachu Collegium Altum,"http://poznan.wyborcza.pl/poznan/7,36001,24812892,znamy-plec-pisklat-sokolow-wedrownych-ktore-wykluly-sie-na.html"
24808494,Joanna Grabowska,,2019-05-22 16:10:00.000000,,,True,2019-05-22 19:05:55.974075,"Nieduży worek z wyprawionej skóry należał do szamana z preinkaskiej kultury Tiwanaku. Naukowcy znaleźli w nim pozostałości aż pięciu gatunków roślin psychotropowych i halucynogennych oraz kilka utensyliów do przygotowywania mieszanek ""przenoszących...",,,,Oszałamiające skarby z sakwy szamana sprzed tysiąca lat,"http://wyborcza.pl/7,75400,24808494,oszalamiajace-skarby-w-sakwie-szamana-z-preinkaskiej-kultury.html"
24814259,Łukasz Woźnicki,,2019-05-22 16:03:00.000000,,,True,2019-05-22 19:05:55.974075,"Ministerstwo Sprawiedliwości wycofuje się ze zmiany przepisów o zniesławieniu zapisanych w art. 212 kodeksu karnego. Rządzący nie wprowadzą nowego typu zniesławienia, ale karę więzienia za słowo pozostawią. - Jestem otwarty na dyskusję, czy...",,,,"Zmiany art. 212 nie będzie, ale kara więzienia za słowo zostaje","http://wyborcza.pl/7,75398,24814259,zmiany-art-212-nie-bedzie-ale-kara-wiezienia-za-slowo-zostaje.html"
24814264,Małgorzata Zubik,,2019-05-22 16:00:00.000000,,,True,2019-05-22 19:05:55.974075,"Mamy więcej informacji o rekrutacji uczniów z kumulacji roczników w Warszawie. W szkołach zawodowych jest ponad 3 tys. miejsc, na które nie wpłynęło żadne podanie. Nastolatki wolą licea i tam najtrudniej będzie się dostać. By zadowolić wszystkich...",,,,"Rekrutacja do liceów i techników. Uczniowie z kumulacji roczników wolą licea, brakuje 7 tys. miejsc","http://warszawa.wyborcza.pl/warszawa/7,54420,24814264,rekrutacja-do-liceow-i-technikow-uczniowie-z-kumulacji-rocznikow.html"
24813648,msw,,2019-05-22 14:44:00.000000,,,True,2019-05-22 19:05:55.974075,"24-latek, który zgwałcił i omal nie udusił 9-letniej dziewczynki, został aresztowany. Okazuje się, że to nie pierwsze dziecko, które skrzywdził. Sąd ograniczył także matce dziewczynki prawa rodzicielskie.",,,,"Jest areszt dla 24-latka, który zgwałcił 9-letnią dziewczynkę. Już wcześniej krzywdził dziecko","http://zielonagora.wyborcza.pl/zielonagora/7,35182,24813648,jest-areszt-dla-24-latka-ktory-zgwalcil-9-letnia-dziewczynke.html"
24813464,Bartosz T. Wieliński,,2019-05-22 14:35:00.000000,,,True,2019-05-22 19:05:55.974075,"Austriacy zaczynają rozszyfrowywać misterną intrygę, która doprowadziła do upadku wicekanclerza Heinza-Christiana Strachego. W aferę mają być zamieszani wiedeński adwokat i firma detektywistyczna z Monachium.",,,,Austriackie rozliczenia po aferze podsłuchowej. Kto wysłał Rosjankę na Ibizę?,"http://wyborcza.pl/7,75399,24813464,austriackie-rozliczenia-po-aferze-podsluchowej-kto-wyslal-rosjanke.html"
24812399,Monika Waluś,,2019-05-22 14:00:00.000000,,,True,2019-05-22 19:05:55.974075,Uber uruchomił w Krakowie pilotażową usługę przejazdów samochodami elektrycznymi. Usługa Uber Green będzie dostępna dla krakowian przez trzy miesiące.,,,,Uber Green wjeżdża do Krakowa. Przez aplikację zamówisz samochód elektryczny,"http://krakow.wyborcza.pl/krakow/7,44425,24812399,uber-green-wjezdza-do-krakowa-przez-aplikacje-zamowisz-samochod.html"
24813318,Krzysztof Katka,,2019-05-22 13:50:00.000000,,,True,2019-05-22 19:05:55.974075,"Rząd szacował, że cały przekop Mierzei Wiślanej będzie kosztował ok. 880 mln zł. Tymczasem najtańsza z ofert na budowę pierwszego z trzech etapów inwestycji opiewa na 992 mln zł.",,,,Od blisko 300 do 700 mln drożej za pierwszy etap przekopu Mierzei. Duże zainteresowanie Chińczyków,"http://trojmiasto.wyborcza.pl/trojmiasto/7,35612,24813318,od-200-do-700-mln-drozej-za-pierwszy-etap-przekopu-mierzei.html"
24815241,Agata Kulczycka,,2019-05-22 20:31:00.000000,,,True,2019-05-22 19:05:55.974075,"Powódź 2019. Pięć rodzin zostało ewakuowanych w środę w gminie Wadowice Górne. Gmina została zalana po intensywnych opadach we wtorek. - Powylewały wszystkie kanały na terenie gminy, wszystkie rowy. Zalały gospodarstwa, pola uprawne, drogi i...",,,,Premier Mateusz Morawiecki przyjechał do Izbisk. Trwa walka z żywiołem,"http://rzeszow.wyborcza.pl/rzeszow/7,34962,24815241,powodz-premier-mateusz-morawiecki-jedzie-do-izbisk-trwa-walka.html"
24815363,Maciej Chołodowski,,2019-05-22 21:44:00.000000,,,True,2019-05-22 19:05:55.974075,"- Stare przysłowie jest takie ""trzeba zasiać wiosną żeby zebrać jesienią"". My raczej mówimy, że trzeba zaorać Wiosnę, żeby wyrosło jesienią - mówił w trakcie konwencji narodowców w Białymstoku Robert Winnicki, jeden z liderów Konfederacji. Wiosna...",,,,Eurowybory 2019. Robert Winnicki chce zaorać Wiosnę i obronić potęgę Rzeczypospolitej,"http://bialystok.wyborcza.pl/bialystok/7,35241,24815363,eurowybory-2019-robert-winnicki-chce-zaorac-wiosne-i-obronic.html"
24815272,Bartosz T. Wieliński,,2019-05-22 21:02:00.000000,,,True,2019-05-22 19:05:55.974075,"- Tylko wspólnota może zapewnić stabilność i bezpieczeństwo. Każdy członek Unii powinien o tym pamiętać - mówi ""Wyborczej"" Stephan Holthoff-Pförtner, minister ds. europejskich niemieckiego landu Nadrenia Północna-Westfalia.",,,,"Minister ds. europejskich Nadrenii: Nie wszystko poszło tak, jak chcieliśmy, ale w skali świata Europa jest rajem","http://wyborcza.pl/7,75399,24815272,minister-ds-europejskich-nadrenii-nie-wszystko-poszlo-tak.html"
24815241,Agata Kulczycka,,2019-05-22 20:31:00.000000,,,True,2019-05-22 19:05:55.974075,"Powódź 2019. Pięć rodzin zostało ewakuowanych w środę w gminie Wadowice Górne. Gmina została zalana po intensywnych opadach we wtorek. - Powylewały wszystkie kanały na terenie gminy, wszystkie rowy. Zalały gospodarstwa, pola uprawne, drogi i...",,,,Premier Mateusz Morawiecki przyjechał do Izbisk. Trwa walka z żywiołem,"http://rzeszow.wyborcza.pl/rzeszow/7,34962,24815241,powodz-premier-mateusz-morawiecki-jedzie-do-izbisk-trwa-walka.html"
24815001,Dariusz Wołowski,,2019-05-22 20:00:00.000000,,,True,2019-05-22 19:05:55.974075,Armeński pomocnik Arsenalu nie zagra w finale Ligi Europy z Chelsea w Baku 29 maja ze względu na stan zimnej wojny między Armenią i Azerbejdżanem. Kto jest temu winien?,,,,"Henrich Mychitarian i konflikt Armenia vs Azerbejdżan. Nie zagra, bo ryzyko jest zbyt wielkie","http://wyborcza.pl/7,154903,24815001,henrich-mychitarian-i-konflikt-armenia-vs-azerbejdzan-nie-zagra.html"
24814732,Jolanta Kowalewska,,2019-05-22 18:39:00.000000,,,True,2019-05-22 19:05:55.974075,"Klub informuje, że to tylko część roszczeń. Zapowiada kolejne. Małgorzata Jacyna-Witt, która pełni obowiązki prezesa spółki Stocznia Szczecińska, odpowiada, że klubowi żadne pieniądze się nie należą i że to on powinien oddać przedsiębiorstwu 100...",,,,Siatkarski klub Stocznia Szczecin pozwał Stocznię Szczecińską do sądu o zapłatę prawie 10 milionów złotych,"http://szczecin.wyborcza.pl/szczecin/7,34939,24814732,siatkarski-klub-stocznia-szczecin-pozwal-stocznie-szczecinska.html"
24814846,Piotr Szostak,,2019-05-22 18:42:00.000000,,,True,2019-05-22 19:05:55.974075,"""Nie uczyniliśmy wszystkiego, aby zapobiec krzywdom"" - napisali biskupi po obradach Rady Stałej Konferencji Episkopatu. Kościół chce opracować ""systemową odpowiedź na problem wykorzystywania dzieci przez niektórych duchownych"". Na razie pracuje nad...",,,,"Episkopat: Nie ma słów, aby wyrazić nasz wstyd. Będzie specjalny list do wiernych","http://wyborcza.pl/7,75398,24814846,episkopat-nie-ma-slow-aby-wyrazic-nasz-wstyd.html"
24814740,Maciej Czarnecki,,2019-05-22 18:26:00.000000,,,True,2019-05-22 19:05:55.974075,W ostatnich sondażach na Wyspach Brytyjskich przed wyborami do Parlamentu Europejskiego zdecydowanie prowadzi Partia Brexit Nigela Farage'a. Brytyjczycy idą do urn już w czwartek.,,,,Eurowybory wstrząsną sceną polityczną w Wielkiej Brytanii,"http://wyborcza.pl/7,75399,24814740,eurowybory-wstrzasna-scena-polityczna-w-wielkiej-brytanii.html"
24814686,Wojciech Karpieszuk,,2019-05-22 18:10:00.000000,,,True,2019-05-22 19:05:55.974075,"Radni na najbliższej sesji nie zagłosują w sprawie odebrania honorowego obywatelstwa abp. Głódziowi i Hoserowi. Najpierw muszą zmienić uchwałę, bo okazało się, że przepisy nie przewidują takiego trybu.",,,,Głódź i Hoser na razie pozostaną honorowymi obywatelami Warszawy,"http://warszawa.wyborcza.pl/warszawa/7,54420,24814686,glodz-i-hoser-na-razie-pozostana-honorowymi-obywatelami-warszawy.html"
24814733,Marek Deryło,,2019-05-22 17:46:00.000000,,,True,2019-05-22 19:05:55.974075,We wtorek w Warszawie odsłonięto pomnik Feliksa Stamma. Jego pięściarze zdobyli 24 medale olimpijskie i 27 razy triumfowali na mistrzostwach Europy. Jak został legendą?,,,,"Oglądałem, jak łomotaliście Ruskich. Czy Feliks Stamm to najwybitniejszy trener w historii polskiego sportu?","http://wyborcza.pl/7,154903,24814733,ogladalem-jak-lomotaliscie-ruskich-czy-feliks-stamm-to-najwybitniejszy.html"
24814328,Piotr Miączyński,,2019-05-22 18:04:00.000000,,,True,2019-05-22 19:05:55.974075,"Z zeznań byłej wiceminister finansów Elżbiety Chojny-Duch wyłania się specyficzny koktajl mniej i bardziej nieformalnych znajomości, antypatii i sympatii. Pełno tu doradców rzekomo lobbujących za korzystnymi rozwiązaniami, pojawiają się też...",,,,Zeznawał najważniejszy świadek PiS w komisji ds. VAT. Są spore wątpliwości,"http://wyborcza.pl/7,155287,24814328,zeznawal-najwazniejszy-swiadek-pis-w-aferze-vat-sa-spore-watpliwosci.html"
24814629,Marta Urzędowska,,2019-05-22 17:44:00.000000,,,True,2019-05-22 19:05:55.974075,"Setki tysięcy zaginionych w więzieniach, regularne tortury, gwałty i rozmyślne ataki na cywilów - kolejne ujawnione przez aktywistów dokumenty potwierdzają okrucieństwo syryjskiego reżimu.",,,,Syria: Rządowe dokumenty potwierdzają bestialstwa Baszara al-Asada,"http://wyborcza.pl/7,75399,24814629,dowody-na-zbrodnie-asada.html"
24814390,Martyna Śmigiel,,2019-05-22 17:15:00.000000,,,True,2019-05-22 19:05:55.974075,"- Zarabiamy od 1,6 tys. do 2,4 tys. zł na rękę. Po pięciu latach studiów i ciągłym dokształcaniu. W ten sposób nie da się godnie żyć - mówią fizjoterapeuci i diagności laboratoryjni, którzy od wtorku nie jedzą. Protestem głodowym walczą o podwyżki...",,,,"Po studiach dostajemy od 1,6 tys. do 2,4 tys. zł. Dość. Fizjoterapeuci i diagności prowadzą głodówkę","http://warszawa.wyborcza.pl/warszawa/7,54420,24814390,po-studiach-dostajemy-od-1-6-do-2-4-tys-zl-dosc-fizjoterapeuci.html"
24814632,Wojciech Czuchnowski,,2019-05-22 17:18:00.000000,,,True,2019-05-22 19:05:55.974075,"Mateusz Morawiecki i jego żona Iwona zapowiedzieli pozew przeciwko ""Wyborczej"" za tekst o ich działce we wrocławskim Oporowie. Zatrudnili kancelarię obsługującą instytucje i spółki skarbu państwa, której partnerzy zasiadają też we władzach...",,,,Prawnicy Morawieckiego zarabiają w państwowych spółkach,"http://wyborcza.pl/7,75398,24814632,prawnicy-morawieckiego-zarabiaja-w-panstwowych-spolkach.html"
24814276,Kamil Siałkowski,,2019-05-22 16:45:00.000000,,,True,2019-05-22 19:05:55.974075,"Miesiąc przed zabójstwem dwie osoby uprowadziły Kubę do lasu. Chciały go nastraszyć, kazały oddać pieniądze - nowe okoliczności tragedii w Wawrze ujawnili w programie ""Interwencja"" rodzice zamordowanego chłopaka.",,,,Nowe informacje w sprawie zabójstwa w szkole w Wawrze,"http://warszawa.wyborcza.pl/warszawa/7,54420,24814276,nowe-informacje-w-sprawie-zabojstwa-w-szkole-w-wawrze.html"
24814289,Gabriela Łazarczyk,,2019-05-22 17:00:00.000000,,,True,2019-05-22 19:05:55.974075,"System lojalnościowy dla dbających o środowisko - tak w skrócie można opisać koncept firmy EcoTech System, polskiego producenta recyklomatów. W najbliższym czasie w Warszawie będzie można testowo wrzucać do nich opakowania. I zbierać punkty w...",,,,"System kaucyjny w aplikacji? Polskie automaty rozdrabniają butelki i puszki, a konsumenci zbierają punkty","http://wyborcza.pl/7,155287,24814289,system-kaucyjny-w-aplikacji-polskie-automaty-rozdrabniaja-butelki.html"
24814352,Grzegorz Walczak,,2019-05-22 16:30:00.000000,,,True,2019-05-22 19:05:55.974075,"- Mamy tu powódź - przyznaje burmistrz Adam Bodzioch, który od wtorku nie zmrużył nawet oka, a w gminie powołał sztab kryzysowy. W centrum Kazimierzy Wielkiej nieprzejezdne są drogi, zamknięto główne rondo. Przekopano brzeg Nidzicy, aby nadmiar wody...",,,,"Powódź w Kazimierzy Wielkiej. Drogi zablokowane, przekopano nawet brzeg rzeki","http://kielce.wyborcza.pl/kielce/7,47262,24814352,powodz-w-kazimierzy-wielkiej-drogi-zablokowane-przekopano.html"
24814335,k,,2019-05-22 16:16:00.000000,,,True,2019-05-22 19:05:55.974075,"Kardynał Henryk Gulbinowicz, biskup senior archidiecezji wrocławskiej, trafił w środę do szpitala.",,,,Kardynał Gulbinowicz jest w szpitalu,"http://wroclaw.wyborcza.pl/wroclaw/7,35771,24814335,kardynal-gulbinowicz-trafil-do-szpitala.html"
24813394,sim,,2019-05-22 14:11:00.000000,,,True,2019-05-22 19:05:55.974075,"Na wniosek burmistrza Łobza Piotra Ćwikły prezydent RP Andrzej Duda miałby zostać honorowym obywatelem tego miasta. O tym, czy tak się stanie, w czwartek zdecydują lokalni radni.",,,,Andrzej Duda honorowym obywatelem 13-tysięcznego miasteczka? Mieszkańcy są oburzeni: Nikt nas nie spytał o zdanie,"http://szczecin.wyborcza.pl/szczecin/7,34939,24813394,andrzej-duda-zostanie-honorowym-obywatelem-jednego-z-zachodniopomorskich.html"
24814079,Piotr Bera,,2019-05-22 16:15:00.000000,,,True,2019-05-22 19:05:55.974075,"Wolne stado 179 krów z Deszczna (woj. lubuskie) trafi na ubój tuż po wyborach do Parlamentu Europejskiego. - Brakuje słów, żeby opisać, co czujemy - mówi Konrad Kuźmiński z Dolnośląskiego Inspektoratu Ochrony Zwierząt (DIOZ), które chciało uratować...",,,,Wolne krowy idą na rzeź. Jest decyzja o zabiciu stada 179 krów,"http://wroclaw.wyborcza.pl/wroclaw/7,35771,24814079,wolne-krowy-ida-na-rzez-jest-decyzja-o-zabiciu-stada-179-krow.html"
24814333,Tomasz Ciechoński,,2019-05-22 16:09:00.000000,,,True,2019-05-22 19:05:55.974075,Wyższa Szkoła Kultury Społecznej i Medialnej w Toruniu będzie uczyć nowej specjalności: inteligentnych systemów informatycznych. W rozwoju tej dziedziny kształcenia ma jej pomóc były doradca premiera Finlandii.,,,,Uczelnia o. Rydzyka chce się zajmować sztuczną inteligencją,"http://torun.wyborcza.pl/torun/7,48723,24814333,uczelnia-o-rydzyka-chce-sie-zajmowac-sztuczna-inteligencja.html"
24812892,Julia Theus,,2019-05-22 16:13:00.000000,,,True,2019-05-22 19:05:55.974075,"Para poznańskich sokołów wędrownych, która rok temu założyła gniazdo na dachu Collegium Altum, ma trójkę piskląt. Po 50 latach sokoły, które kiedyś na stałe żyły w Poznaniu, powróciły do miasta. W środę poznaliśmy płeć piskląt.",,,,Sokoły wędrowne po 50 latach wróciły do Poznania. Znamy płeć trzech piskląt z gniazda na dachu Collegium Altum,"http://poznan.wyborcza.pl/poznan/7,36001,24812892,znamy-plec-pisklat-sokolow-wedrownych-ktore-wykluly-sie-na.html"
24808494,Joanna Grabowska,,2019-05-22 16:10:00.000000,,,True,2019-05-22 19:05:55.974075,"Nieduży worek z wyprawionej skóry należał do szamana z preinkaskiej kultury Tiwanaku. Naukowcy znaleźli w nim pozostałości aż pięciu gatunków roślin psychotropowych i halucynogennych oraz kilka utensyliów do przygotowywania mieszanek ""przenoszących...",,,,Oszałamiające skarby z sakwy szamana sprzed tysiąca lat,"http://wyborcza.pl/7,75400,24808494,oszalamiajace-skarby-w-sakwie-szamana-z-preinkaskiej-kultury.html"
24814259,Łukasz Woźnicki,,2019-05-22 16:03:00.000000,,,True,2019-05-22 19:05:55.974075,"Ministerstwo Sprawiedliwości wycofuje się ze zmiany przepisów o zniesławieniu zapisanych w art. 212 kodeksu karnego. Rządzący nie wprowadzą nowego typu zniesławienia, ale karę więzienia za słowo pozostawią. - Jestem otwarty na dyskusję, czy...",,,,"Zmiany art. 212 nie będzie, ale kara więzienia za słowo zostaje","http://wyborcza.pl/7,75398,24814259,zmiany-art-212-nie-bedzie-ale-kara-wiezienia-za-slowo-zostaje.html"
24814264,Małgorzata Zubik,,2019-05-22 16:00:00.000000,,,True,2019-05-22 19:05:55.974075,"Mamy więcej informacji o rekrutacji uczniów z kumulacji roczników w Warszawie. W szkołach zawodowych jest ponad 3 tys. miejsc, na które nie wpłynęło żadne podanie. Nastolatki wolą licea i tam najtrudniej będzie się dostać. By zadowolić wszystkich...",,,,"Rekrutacja do liceów i techników. Uczniowie z kumulacji roczników wolą licea, brakuje 7 tys. miejsc","http://warszawa.wyborcza.pl/warszawa/7,54420,24814264,rekrutacja-do-liceow-i-technikow-uczniowie-z-kumulacji-rocznikow.html"
24813648,msw,,2019-05-22 14:44:00.000000,,,True,2019-05-22 19:05:55.974075,"24-latek, który zgwałcił i omal nie udusił 9-letniej dziewczynki, został aresztowany. Okazuje się, że to nie pierwsze dziecko, które skrzywdził. Sąd ograniczył także matce dziewczynki prawa rodzicielskie.",,,,"Jest areszt dla 24-latka, który zgwałcił 9-letnią dziewczynkę. Już wcześniej krzywdził dziecko","http://zielonagora.wyborcza.pl/zielonagora/7,35182,24813648,jest-areszt-dla-24-latka-ktory-zgwalcil-9-letnia-dziewczynke.html"
